"STATION","NAME","DATE","TAVG","TMAX","TMIN"
"USC00095404","MABLETON 1 N, GA US","2007-08-15",,"95","68"
"USC00095404","MABLETON 1 N, GA US","2007-08-16",,"96","68"
"USC00095404","MABLETON 1 N, GA US","2007-08-17",,"97","74"
"USC00095404","MABLETON 1 N, GA US","2007-08-18",,"95","72"
"USC00095404","MABLETON 1 N, GA US","2007-08-19",,"94","72"
"USC00095404","MABLETON 1 N, GA US","2007-08-20",,"92","71"
"USC00095404","MABLETON 1 N, GA US","2007-08-21",,"93","71"
"USC00095404","MABLETON 1 N, GA US","2007-08-22",,"95","74"
"USC00095404","MABLETON 1 N, GA US","2007-08-23",,"97","74"
"USC00095404","MABLETON 1 N, GA US","2007-08-24",,"95","72"
"USC00095404","MABLETON 1 N, GA US","2007-08-25",,"93","71"
"USC00095404","MABLETON 1 N, GA US","2007-08-26",,"89","69"
"USC00095404","MABLETON 1 N, GA US","2007-08-27",,"85","69"
"USC00095404","MABLETON 1 N, GA US","2007-08-28",,"84","69"
"USC00095404","MABLETON 1 N, GA US","2007-08-29",,"85","72"
"USC00095404","MABLETON 1 N, GA US","2007-08-30",,"86","72"
"USC00095404","MABLETON 1 N, GA US","2007-08-31",,"86","71"
"USC00095404","MABLETON 1 N, GA US","2007-09-01",,"82","68"
"USC00095404","MABLETON 1 N, GA US","2007-09-02",,"84","68"
"USC00095404","MABLETON 1 N, GA US","2007-09-03",,"80","65"
"USC00095404","MABLETON 1 N, GA US","2007-09-04",,"86","65"
"USC00095404","MABLETON 1 N, GA US","2007-09-05",,"89","66"
"USC00095404","MABLETON 1 N, GA US","2007-09-06",,"88","66"
"USC00095404","MABLETON 1 N, GA US","2007-09-07",,"82","67"
"USC00095404","MABLETON 1 N, GA US","2007-09-08",,"85","64"
"USC00095404","MABLETON 1 N, GA US","2007-09-09",,"87","64"
"USC00095404","MABLETON 1 N, GA US","2007-09-10",,"88","64"
"USC00095404","MABLETON 1 N, GA US","2007-09-11",,"89","66"
"USC00095404","MABLETON 1 N, GA US","2007-09-12",,"88","65"
"USC00095404","MABLETON 1 N, GA US","2007-09-13",,"83","65"
"USC00095404","MABLETON 1 N, GA US","2007-09-14",,"83","65"
"USC00095404","MABLETON 1 N, GA US","2007-09-15",,"79","65"
"USC00095404","MABLETON 1 N, GA US","2007-09-16",,"79","56"
"USC00095404","MABLETON 1 N, GA US","2007-09-17",,"75","60"
"USC00095404","MABLETON 1 N, GA US","2007-09-18",,"77","59"
"USC00095404","MABLETON 1 N, GA US","2007-09-19",,"76","56"
"USC00095404","MABLETON 1 N, GA US","2007-09-20",,"79","56"
"USC00095404","MABLETON 1 N, GA US","2007-09-21",,"79","64"
"USC00095404","MABLETON 1 N, GA US","2007-09-22",,"76","68"
"USC00095404","MABLETON 1 N, GA US","2007-09-23",,"84","71"
"USC00095404","MABLETON 1 N, GA US","2007-09-24",,"83","69"
"USC00095404","MABLETON 1 N, GA US","2007-09-25",,"87","67"
"USC00095404","MABLETON 1 N, GA US","2007-09-26",,"85","62"
"USC00095404","MABLETON 1 N, GA US","2007-09-27",,"82","63"
"USC00095404","MABLETON 1 N, GA US","2007-09-28",,"82","65"
"USC00095404","MABLETON 1 N, GA US","2007-09-29",,"81","57"
"USC00095404","MABLETON 1 N, GA US","2007-09-30",,"79","54"
"USC00095404","MABLETON 1 N, GA US","2007-10-01",,"77","52"
"USC00095404","MABLETON 1 N, GA US","2007-10-02",,"78","54"
"USC00095404","MABLETON 1 N, GA US","2007-10-03",,"79","55"
"USC00095404","MABLETON 1 N, GA US","2007-10-04",,"76","70"
"USC00095404","MABLETON 1 N, GA US","2007-10-05",,"76","69"
"USC00095404","MABLETON 1 N, GA US","2007-10-06",,"78","69"
"USC00095404","MABLETON 1 N, GA US","2007-10-07",,"79","65"
"USC00095404","MABLETON 1 N, GA US","2007-10-08",,"82","64"
"USC00095404","MABLETON 1 N, GA US","2007-10-09",,"81","64"
"USC00095404","MABLETON 1 N, GA US","2007-10-10",,"81","61"
"USC00095404","MABLETON 1 N, GA US","2007-10-11",,"78","51"
"USC00095404","MABLETON 1 N, GA US","2007-10-12",,"65","46"
"USC00095404","MABLETON 1 N, GA US","2007-10-13",,,
"USC00095404","MABLETON 1 N, GA US","2007-10-14",,,
"USC00095404","MABLETON 1 N, GA US","2007-10-15",,,
"USC00095404","MABLETON 1 N, GA US","2007-10-16",,"77","52"
"USC00095404","MABLETON 1 N, GA US","2007-10-17",,"75","64"
"USC00095404","MABLETON 1 N, GA US","2007-10-18",,"78","63"
"USC00095404","MABLETON 1 N, GA US","2007-10-19",,"76","68"
"USC00095404","MABLETON 1 N, GA US","2007-10-20",,"76","52"
"USC00095404","MABLETON 1 N, GA US","2007-10-21",,"73","46"
"USC00095404","MABLETON 1 N, GA US","2007-10-22",,"77","45"
"USC00095404","MABLETON 1 N, GA US","2007-10-23",,"70","62"
"USC00095404","MABLETON 1 N, GA US","2007-10-24",,"79","56"
"USC00095404","MABLETON 1 N, GA US","2007-10-25",,"57","45"
"USC00095404","MABLETON 1 N, GA US","2007-10-26",,"60","45"
"USC00095404","MABLETON 1 N, GA US","2007-10-27",,"67","46"
"USC00095404","MABLETON 1 N, GA US","2007-10-28",,"66","45"
"USC00095404","MABLETON 1 N, GA US","2007-10-29",,"69","44"
"USC00095404","MABLETON 1 N, GA US","2007-10-30",,"62","38"
"USC00095404","MABLETON 1 N, GA US","2007-10-31",,"66","37"
"USC00095404","MABLETON 1 N, GA US","2007-11-01",,"69","46"
"USC00095404","MABLETON 1 N, GA US","2007-11-02",,"74","51"
"USC00095404","MABLETON 1 N, GA US","2007-11-03",,"68","44"
"USC00095404","MABLETON 1 N, GA US","2007-11-04",,"67","38"
"USC00095404","MABLETON 1 N, GA US","2007-11-05",,"66","38"
"USC00095404","MABLETON 1 N, GA US","2007-11-06",,"71","39"
"USC00095404","MABLETON 1 N, GA US","2007-11-07",,"58","32"
"USC00095404","MABLETON 1 N, GA US","2007-11-08",,"54","28"
"USC00095404","MABLETON 1 N, GA US","2007-11-09",,"58","28"
"USC00095404","MABLETON 1 N, GA US","2007-11-10",,"65","31"
"USC00095404","MABLETON 1 N, GA US","2007-11-11",,"59","36"
"USC00095404","MABLETON 1 N, GA US","2007-11-12",,"61","37"
"USC00095404","MABLETON 1 N, GA US","2007-11-13",,"66","37"
"USC00095404","MABLETON 1 N, GA US","2007-11-14",,"73","42"
"USC00095404","MABLETON 1 N, GA US","2007-11-15",,"73","49"
"USC00095404","MABLETON 1 N, GA US","2007-11-16",,"55","29"
"USC00095404","MABLETON 1 N, GA US","2007-11-17",,"53","29"
"USC00095404","MABLETON 1 N, GA US","2007-11-18",,"62","29"
"USC00095404","MABLETON 1 N, GA US","2007-11-19",,"70","45"
"USC00095404","MABLETON 1 N, GA US","2007-11-20",,"71","43"
"USC00095404","MABLETON 1 N, GA US","2007-11-21",,"74","43"
"USC00095404","MABLETON 1 N, GA US","2007-11-22",,"70","46"
"USC00095404","MABLETON 1 N, GA US","2007-11-23",,"64","37"
"USC00095404","MABLETON 1 N, GA US","2007-11-24",,"50","30"
"USC00095404","MABLETON 1 N, GA US","2007-11-25",,"52","34"
"USW00003813","MACON MIDDLE GA REGIONAL AIRPORT, GA US","2007-08-15",,"104","68"
"USW00003813","MACON MIDDLE GA REGIONAL AIRPORT, GA US","2007-08-16",,"102","73"
"USW00003813","MACON MIDDLE GA REGIONAL AIRPORT, GA US","2007-08-17",,"102","73"
"USW00003813","MACON MIDDLE GA REGIONAL AIRPORT, GA US","2007-08-18",,"94","71"
"USW00003813","MACON MIDDLE GA REGIONAL AIRPORT, GA US","2007-08-19",,"93","73"
"USW00003813","MACON MIDDLE GA REGIONAL AIRPORT, GA US","2007-08-20",,"96","74"
"USW00003813","MACON MIDDLE GA REGIONAL AIRPORT, GA US","2007-08-21",,"98","75"
"USW00003813","MACON MIDDLE GA REGIONAL AIRPORT, GA US","2007-08-22",,"102","74"
"USW00003813","MACON MIDDLE GA REGIONAL AIRPORT, GA US","2007-08-23",,"91","74"
"USW00003813","MACON MIDDLE GA REGIONAL AIRPORT, GA US","2007-08-24",,"94","72"
"USW00003813","MACON MIDDLE GA REGIONAL AIRPORT, GA US","2007-08-25",,"93","72"
"USW00003813","MACON MIDDLE GA REGIONAL AIRPORT, GA US","2007-08-26",,"90","71"
"USW00003813","MACON MIDDLE GA REGIONAL AIRPORT, GA US","2007-08-27",,"86","73"
"USW00003813","MACON MIDDLE GA REGIONAL AIRPORT, GA US","2007-08-28",,"89","72"
"USW00003813","MACON MIDDLE GA REGIONAL AIRPORT, GA US","2007-08-29",,"89","74"
"USW00003813","MACON MIDDLE GA REGIONAL AIRPORT, GA US","2007-08-30",,"90","73"
"USW00003813","MACON MIDDLE GA REGIONAL AIRPORT, GA US","2007-08-31",,"87","73"
"USW00003813","MACON MIDDLE GA REGIONAL AIRPORT, GA US","2007-09-01",,"80","71"
"USW00003813","MACON MIDDLE GA REGIONAL AIRPORT, GA US","2007-09-02",,"82","70"
"USW00003813","MACON MIDDLE GA REGIONAL AIRPORT, GA US","2007-09-03",,"89","70"
"USW00003813","MACON MIDDLE GA REGIONAL AIRPORT, GA US","2007-09-04",,"91","66"
"USW00003813","MACON MIDDLE GA REGIONAL AIRPORT, GA US","2007-09-05",,"90","69"
"USW00003813","MACON MIDDLE GA REGIONAL AIRPORT, GA US","2007-09-06",,"87","66"
"USW00003813","MACON MIDDLE GA REGIONAL AIRPORT, GA US","2007-09-07",,"88","70"
"USW00003813","MACON MIDDLE GA REGIONAL AIRPORT, GA US","2007-09-08",,"88","64"
"USW00003813","MACON MIDDLE GA REGIONAL AIRPORT, GA US","2007-09-09",,"90","63"
"USW00003813","MACON MIDDLE GA REGIONAL AIRPORT, GA US","2007-09-10",,"91","63"
"USW00003813","MACON MIDDLE GA REGIONAL AIRPORT, GA US","2007-09-11",,"92","67"
"USW00003813","MACON MIDDLE GA REGIONAL AIRPORT, GA US","2007-09-12",,"88","71"
"USW00003813","MACON MIDDLE GA REGIONAL AIRPORT, GA US","2007-09-13",,"86","69"
"USW00003813","MACON MIDDLE GA REGIONAL AIRPORT, GA US","2007-09-14",,"87","71"
"USW00003813","MACON MIDDLE GA REGIONAL AIRPORT, GA US","2007-09-15",,"89","66"
"USW00003813","MACON MIDDLE GA REGIONAL AIRPORT, GA US","2007-09-16",,"84","61"
"USW00003813","MACON MIDDLE GA REGIONAL AIRPORT, GA US","2007-09-17",,"81","62"
"USW00003813","MACON MIDDLE GA REGIONAL AIRPORT, GA US","2007-09-18",,"82","56"
"USW00003813","MACON MIDDLE GA REGIONAL AIRPORT, GA US","2007-09-19",,"83","54"
"USW00003813","MACON MIDDLE GA REGIONAL AIRPORT, GA US","2007-09-20",,"77","66"
"USW00003813","MACON MIDDLE GA REGIONAL AIRPORT, GA US","2007-09-21",,"82","70"
"USW00003813","MACON MIDDLE GA REGIONAL AIRPORT, GA US","2007-09-22",,"86","72"
"USW00003813","MACON MIDDLE GA REGIONAL AIRPORT, GA US","2007-09-23",,"88","72"
"USW00003813","MACON MIDDLE GA REGIONAL AIRPORT, GA US","2007-09-24",,"90","68"
"USW00003813","MACON MIDDLE GA REGIONAL AIRPORT, GA US","2007-09-25",,"87","64"
"USW00003813","MACON MIDDLE GA REGIONAL AIRPORT, GA US","2007-09-26",,"88","63"
"USW00003813","MACON MIDDLE GA REGIONAL AIRPORT, GA US","2007-09-27",,"85","66"
"USW00003813","MACON MIDDLE GA REGIONAL AIRPORT, GA US","2007-09-28",,"89","64"
"USW00003813","MACON MIDDLE GA REGIONAL AIRPORT, GA US","2007-09-29",,"82","56"
"USW00003813","MACON MIDDLE GA REGIONAL AIRPORT, GA US","2007-09-30",,"82","50"
"USW00003813","MACON MIDDLE GA REGIONAL AIRPORT, GA US","2007-10-01",,"82","53"
"USW00003813","MACON MIDDLE GA REGIONAL AIRPORT, GA US","2007-10-02",,"84","54"
"USW00003813","MACON MIDDLE GA REGIONAL AIRPORT, GA US","2007-10-03",,"77","70"
"USW00003813","MACON MIDDLE GA REGIONAL AIRPORT, GA US","2007-10-04",,"80","72"
"USW00003813","MACON MIDDLE GA REGIONAL AIRPORT, GA US","2007-10-05",,"86","71"
"USW00003813","MACON MIDDLE GA REGIONAL AIRPORT, GA US","2007-10-06",,"83","70"
"USW00003813","MACON MIDDLE GA REGIONAL AIRPORT, GA US","2007-10-07",,"86","68"
"USW00003813","MACON MIDDLE GA REGIONAL AIRPORT, GA US","2007-10-08",,"86","66"
"USW00003813","MACON MIDDLE GA REGIONAL AIRPORT, GA US","2007-10-09",,"88","63"
"USW00003813","MACON MIDDLE GA REGIONAL AIRPORT, GA US","2007-10-10",,"85","58"
"USW00003813","MACON MIDDLE GA REGIONAL AIRPORT, GA US","2007-10-11",,"75","49"
"USW00003813","MACON MIDDLE GA REGIONAL AIRPORT, GA US","2007-10-12",,"75","43"
"USW00003813","MACON MIDDLE GA REGIONAL AIRPORT, GA US","2007-10-13",,"78","43"
"USW00003813","MACON MIDDLE GA REGIONAL AIRPORT, GA US","2007-10-14",,"81","46"
"USW00003813","MACON MIDDLE GA REGIONAL AIRPORT, GA US","2007-10-15",,"83","50"
"USW00003813","MACON MIDDLE GA REGIONAL AIRPORT, GA US","2007-10-16",,"82","59"
"USW00003813","MACON MIDDLE GA REGIONAL AIRPORT, GA US","2007-10-17",,"86","61"
"USW00003813","MACON MIDDLE GA REGIONAL AIRPORT, GA US","2007-10-18",,"80","64"
"USW00003813","MACON MIDDLE GA REGIONAL AIRPORT, GA US","2007-10-19",,"73","64"
"USW00003813","MACON MIDDLE GA REGIONAL AIRPORT, GA US","2007-10-20",,"78","50"
"USW00003813","MACON MIDDLE GA REGIONAL AIRPORT, GA US","2007-10-21",,"82","44"
"USW00003813","MACON MIDDLE GA REGIONAL AIRPORT, GA US","2007-10-22",,"81","67"
"USW00003813","MACON MIDDLE GA REGIONAL AIRPORT, GA US","2007-10-23",,"88","62"
"USW00003813","MACON MIDDLE GA REGIONAL AIRPORT, GA US","2007-10-24",,"65","49"
"USW00003813","MACON MIDDLE GA REGIONAL AIRPORT, GA US","2007-10-25",,"72","46"
"USW00003813","MACON MIDDLE GA REGIONAL AIRPORT, GA US","2007-10-26",,"78","49"
"USW00003813","MACON MIDDLE GA REGIONAL AIRPORT, GA US","2007-10-27",,"75","47"
"USW00003813","MACON MIDDLE GA REGIONAL AIRPORT, GA US","2007-10-28",,"73","47"
"USW00003813","MACON MIDDLE GA REGIONAL AIRPORT, GA US","2007-10-29",,"67","44"
"USW00003813","MACON MIDDLE GA REGIONAL AIRPORT, GA US","2007-10-30",,"73","36"
"USW00003813","MACON MIDDLE GA REGIONAL AIRPORT, GA US","2007-10-31",,"78","53"
"USW00003813","MACON MIDDLE GA REGIONAL AIRPORT, GA US","2007-11-01",,"79","51"
"USW00003813","MACON MIDDLE GA REGIONAL AIRPORT, GA US","2007-11-02",,"73","48"
"USW00003813","MACON MIDDLE GA REGIONAL AIRPORT, GA US","2007-11-03",,"73","40"
"USW00003813","MACON MIDDLE GA REGIONAL AIRPORT, GA US","2007-11-04",,"73","37"
"USW00003813","MACON MIDDLE GA REGIONAL AIRPORT, GA US","2007-11-05",,"76","39"
"USW00003813","MACON MIDDLE GA REGIONAL AIRPORT, GA US","2007-11-06",,"70","44"
"USW00003813","MACON MIDDLE GA REGIONAL AIRPORT, GA US","2007-11-07",,"59","30"
"USW00003813","MACON MIDDLE GA REGIONAL AIRPORT, GA US","2007-11-08",,"62","26"
"USW00003813","MACON MIDDLE GA REGIONAL AIRPORT, GA US","2007-11-09",,"69","30"
"USW00003813","MACON MIDDLE GA REGIONAL AIRPORT, GA US","2007-11-10",,"71","39"
"USW00003813","MACON MIDDLE GA REGIONAL AIRPORT, GA US","2007-11-11",,"69","32"
"USW00003813","MACON MIDDLE GA REGIONAL AIRPORT, GA US","2007-11-12",,"72","33"
"USW00003813","MACON MIDDLE GA REGIONAL AIRPORT, GA US","2007-11-13",,"76","38"
"USW00003813","MACON MIDDLE GA REGIONAL AIRPORT, GA US","2007-11-14",,"81","47"
"USW00003813","MACON MIDDLE GA REGIONAL AIRPORT, GA US","2007-11-15",,"66","42"
"USW00003813","MACON MIDDLE GA REGIONAL AIRPORT, GA US","2007-11-16",,"60","31"
"USW00003813","MACON MIDDLE GA REGIONAL AIRPORT, GA US","2007-11-17",,"67","26"
"USW00003813","MACON MIDDLE GA REGIONAL AIRPORT, GA US","2007-11-18",,"71","49"
"USW00003813","MACON MIDDLE GA REGIONAL AIRPORT, GA US","2007-11-19",,"76","48"
"USW00003813","MACON MIDDLE GA REGIONAL AIRPORT, GA US","2007-11-20",,"77","41"
"USW00003813","MACON MIDDLE GA REGIONAL AIRPORT, GA US","2007-11-21",,"77","44"
"USW00003813","MACON MIDDLE GA REGIONAL AIRPORT, GA US","2007-11-22",,"74","42"
"USW00003813","MACON MIDDLE GA REGIONAL AIRPORT, GA US","2007-11-23",,"58","34"
"USW00003813","MACON MIDDLE GA REGIONAL AIRPORT, GA US","2007-11-24",,"54","31"
"USW00003813","MACON MIDDLE GA REGIONAL AIRPORT, GA US","2007-11-25",,"54","47"
"USR0000SSAV","SAVANNAH NWR SOUTH CAROLINA, SC US","2007-08-15","85","95","79"
"USR0000SSAV","SAVANNAH NWR SOUTH CAROLINA, SC US","2007-08-16","85","95","78"
"USR0000SSAV","SAVANNAH NWR SOUTH CAROLINA, SC US","2007-08-17","84","92","78"
"USR0000SSAV","SAVANNAH NWR SOUTH CAROLINA, SC US","2007-08-18","83","91","75"
"USR0000SSAV","SAVANNAH NWR SOUTH CAROLINA, SC US","2007-08-19","83","93","74"
"USR0000SSAV","SAVANNAH NWR SOUTH CAROLINA, SC US","2007-08-20","85","97","74"
"USR0000SSAV","SAVANNAH NWR SOUTH CAROLINA, SC US","2007-08-21","86","100","77"
"USR0000SSAV","SAVANNAH NWR SOUTH CAROLINA, SC US","2007-08-22","85","99","77"
"USR0000SSAV","SAVANNAH NWR SOUTH CAROLINA, SC US","2007-08-23","82","91","74"
"USR0000SSAV","SAVANNAH NWR SOUTH CAROLINA, SC US","2007-08-24","82","89","77"
"USR0000SSAV","SAVANNAH NWR SOUTH CAROLINA, SC US","2007-08-25","80","89","76"
"USR0000SSAV","SAVANNAH NWR SOUTH CAROLINA, SC US","2007-08-26","81","91","75"
"USR0000SSAV","SAVANNAH NWR SOUTH CAROLINA, SC US","2007-08-27","80","95","74"
"USR0000SSAV","SAVANNAH NWR SOUTH CAROLINA, SC US","2007-08-28","81","90","74"
"USR0000SSAV","SAVANNAH NWR SOUTH CAROLINA, SC US","2007-08-29","84","97","76"
"USR0000SSAV","SAVANNAH NWR SOUTH CAROLINA, SC US","2007-08-30","82","96","75"
"USR0000SSAV","SAVANNAH NWR SOUTH CAROLINA, SC US","2007-08-31","76","80","74"
"USR0000SSAV","SAVANNAH NWR SOUTH CAROLINA, SC US","2007-09-01","76","80","74"
"USR0000SSAV","SAVANNAH NWR SOUTH CAROLINA, SC US","2007-09-02","76","80","74"
"USR0000SSAV","SAVANNAH NWR SOUTH CAROLINA, SC US","2007-09-03","79","89","71"
"USR0000SSAV","SAVANNAH NWR SOUTH CAROLINA, SC US","2007-09-04","78","91","68"
"USR0000SSAV","SAVANNAH NWR SOUTH CAROLINA, SC US","2007-09-05","78","89","68"
"USR0000SSAV","SAVANNAH NWR SOUTH CAROLINA, SC US","2007-09-06","79","88","73"
"USR0000SSAV","SAVANNAH NWR SOUTH CAROLINA, SC US","2007-09-07","78","87","70"
"USR0000SSAV","SAVANNAH NWR SOUTH CAROLINA, SC US","2007-09-08","77","89","67"
"USR0000SSAV","SAVANNAH NWR SOUTH CAROLINA, SC US","2007-09-09","79","90","68"
"USR0000SSAV","SAVANNAH NWR SOUTH CAROLINA, SC US","2007-09-10","81","95","72"
"USR0000SSAV","SAVANNAH NWR SOUTH CAROLINA, SC US","2007-09-11","81","91","74"
"USR0000SSAV","SAVANNAH NWR SOUTH CAROLINA, SC US","2007-09-12","79","93","72"
"USR0000SSAV","SAVANNAH NWR SOUTH CAROLINA, SC US","2007-09-13","77","92","72"
"USR0000SSAV","SAVANNAH NWR SOUTH CAROLINA, SC US","2007-09-14","80","91","73"
"USR0000SSAV","SAVANNAH NWR SOUTH CAROLINA, SC US","2007-09-15","78","85","73"
"USR0000SSAV","SAVANNAH NWR SOUTH CAROLINA, SC US","2007-09-16","74","80","67"
"USR0000SSAV","SAVANNAH NWR SOUTH CAROLINA, SC US","2007-09-17","70","80","63"
"USR0000SSAV","SAVANNAH NWR SOUTH CAROLINA, SC US","2007-09-18","70","81","61"
"USR0000SSAV","SAVANNAH NWR SOUTH CAROLINA, SC US","2007-09-19","71","78","63"
"USR0000SSAV","SAVANNAH NWR SOUTH CAROLINA, SC US","2007-09-20","73","78","70"
"USR0000SSAV","SAVANNAH NWR SOUTH CAROLINA, SC US","2007-09-21","75","82","71"
"USR0000SSAV","SAVANNAH NWR SOUTH CAROLINA, SC US","2007-09-22","77","84","72"
"USR0000SSAV","SAVANNAH NWR SOUTH CAROLINA, SC US","2007-09-23","78","89","72"
"USR0000SSAV","SAVANNAH NWR SOUTH CAROLINA, SC US","2007-09-24","78","88","71"
"USR0000SSAV","SAVANNAH NWR SOUTH CAROLINA, SC US","2007-09-25","76","86","67"
"USR0000SSAV","SAVANNAH NWR SOUTH CAROLINA, SC US","2007-09-26","77","86","72"
"USR0000SSAV","SAVANNAH NWR SOUTH CAROLINA, SC US","2007-09-27","78","90","70"
"USR0000SSAV","SAVANNAH NWR SOUTH CAROLINA, SC US","2007-09-28","79","91","71"
"USR0000SSAV","SAVANNAH NWR SOUTH CAROLINA, SC US","2007-09-29","72","81","63"
"USR0000SSAV","SAVANNAH NWR SOUTH CAROLINA, SC US","2007-09-30","71","81","61"
"USR0000SSAV","SAVANNAH NWR SOUTH CAROLINA, SC US","2007-10-01","73","82","64"
"USR0000SSAV","SAVANNAH NWR SOUTH CAROLINA, SC US","2007-10-02","74","80","69"
"USR0000SSAV","SAVANNAH NWR SOUTH CAROLINA, SC US","2007-10-03","74","78","73"
"USR0000SSAV","SAVANNAH NWR SOUTH CAROLINA, SC US","2007-10-04","75","76","73"
"USR0000SSAV","SAVANNAH NWR SOUTH CAROLINA, SC US","2007-10-05","78","85","72"
"USR0000SSAV","SAVANNAH NWR SOUTH CAROLINA, SC US","2007-10-06","76","84","72"
"USR0000SSAV","SAVANNAH NWR SOUTH CAROLINA, SC US","2007-10-07","77","84","72"
"USR0000SSAV","SAVANNAH NWR SOUTH CAROLINA, SC US","2007-10-08","77","86","71"
"USR0000SSAV","SAVANNAH NWR SOUTH CAROLINA, SC US","2007-10-09","78","89","69"
"USR0000SSAV","SAVANNAH NWR SOUTH CAROLINA, SC US","2007-10-10","78","88","68"
"USR0000SSAV","SAVANNAH NWR SOUTH CAROLINA, SC US","2007-10-11","68","78","59"
"USR0000SSAV","SAVANNAH NWR SOUTH CAROLINA, SC US","2007-10-12","63","77","50"
"USR0000SSAV","SAVANNAH NWR SOUTH CAROLINA, SC US","2007-10-13","65","80","53"
"USR0000SSAV","SAVANNAH NWR SOUTH CAROLINA, SC US","2007-10-14","68","81","57"
"USR0000SSAV","SAVANNAH NWR SOUTH CAROLINA, SC US","2007-10-15","70","80","60"
"USR0000SSAV","SAVANNAH NWR SOUTH CAROLINA, SC US","2007-10-16","73","83","65"
"USR0000SSAV","SAVANNAH NWR SOUTH CAROLINA, SC US","2007-10-17","75","84","68"
"USR0000SSAV","SAVANNAH NWR SOUTH CAROLINA, SC US","2007-10-18","78","91","70"
"USR0000SSAV","SAVANNAH NWR SOUTH CAROLINA, SC US","2007-10-19","74","80","69"
"USR0000SSAV","SAVANNAH NWR SOUTH CAROLINA, SC US","2007-10-20","70","80","61"
"USR0000SSAV","SAVANNAH NWR SOUTH CAROLINA, SC US","2007-10-21","69","81","58"
"USR0000SSAV","SAVANNAH NWR SOUTH CAROLINA, SC US","2007-10-22","74","81","70"
"USR0000SSAV","SAVANNAH NWR SOUTH CAROLINA, SC US","2007-10-23","79","87","72"
"USR0000SSAV","SAVANNAH NWR SOUTH CAROLINA, SC US","2007-10-24","69","78","64"
"USR0000SSAV","SAVANNAH NWR SOUTH CAROLINA, SC US","2007-10-25","67","74","64"
"USR0000SSAV","SAVANNAH NWR SOUTH CAROLINA, SC US","2007-10-26","63","65","62"
"USR0000SSAV","SAVANNAH NWR SOUTH CAROLINA, SC US","2007-10-27","67","76","62"
"USR0000SSAV","SAVANNAH NWR SOUTH CAROLINA, SC US","2007-10-28","62","65","58"
"USR0000SSAV","SAVANNAH NWR SOUTH CAROLINA, SC US","2007-10-29","56","64","52"
"USR0000SSAV","SAVANNAH NWR SOUTH CAROLINA, SC US","2007-10-30","62","73","49"
"USR0000SSAV","SAVANNAH NWR SOUTH CAROLINA, SC US","2007-10-31","67","76","59"
"USR0000SSAV","SAVANNAH NWR SOUTH CAROLINA, SC US","2007-11-01","69","80","62"
"USR0000SSAV","SAVANNAH NWR SOUTH CAROLINA, SC US","2007-11-02","63","72","53"
"USR0000SSAV","SAVANNAH NWR SOUTH CAROLINA, SC US","2007-11-03","57","69","48"
"USR0000SSAV","SAVANNAH NWR SOUTH CAROLINA, SC US","2007-11-04","58","73","47"
"USR0000SSAV","SAVANNAH NWR SOUTH CAROLINA, SC US","2007-11-05","60","76","49"
"USR0000SSAV","SAVANNAH NWR SOUTH CAROLINA, SC US","2007-11-06","61","76","47"
"USR0000SSAV","SAVANNAH NWR SOUTH CAROLINA, SC US","2007-11-07","49","60","40"
"USR0000SSAV","SAVANNAH NWR SOUTH CAROLINA, SC US","2007-11-08","49","65","36"
"USR0000SSAV","SAVANNAH NWR SOUTH CAROLINA, SC US","2007-11-09","53","68","39"
"USR0000SSAV","SAVANNAH NWR SOUTH CAROLINA, SC US","2007-11-10","56","70","47"
"USR0000SSAV","SAVANNAH NWR SOUTH CAROLINA, SC US","2007-11-11","52","65","42"
"USR0000SSAV","SAVANNAH NWR SOUTH CAROLINA, SC US","2007-11-12","56","74","44"
"USR0000SSAV","SAVANNAH NWR SOUTH CAROLINA, SC US","2007-11-13","60","74","48"
"USR0000SSAV","SAVANNAH NWR SOUTH CAROLINA, SC US","2007-11-14","65","79","53"
"USR0000SSAV","SAVANNAH NWR SOUTH CAROLINA, SC US","2007-11-15","59","67","45"
"USR0000SSAV","SAVANNAH NWR SOUTH CAROLINA, SC US","2007-11-16","46","58","35"
"USR0000SSAV","SAVANNAH NWR SOUTH CAROLINA, SC US","2007-11-17","51","67","37"
"USR0000SSAV","SAVANNAH NWR SOUTH CAROLINA, SC US","2007-11-18","58","72","48"
"USR0000SSAV","SAVANNAH NWR SOUTH CAROLINA, SC US","2007-11-19","61","77","52"
"USR0000SSAV","SAVANNAH NWR SOUTH CAROLINA, SC US","2007-11-20","62","78","50"
"USR0000SSAV","SAVANNAH NWR SOUTH CAROLINA, SC US","2007-11-21","65","78","53"
"USR0000SSAV","SAVANNAH NWR SOUTH CAROLINA, SC US","2007-11-22","67","76","59"
"USR0000SSAV","SAVANNAH NWR SOUTH CAROLINA, SC US","2007-11-23","52","61","44"
"USR0000SSAV","SAVANNAH NWR SOUTH CAROLINA, SC US","2007-11-24","49","56","39"
"USR0000SSAV","SAVANNAH NWR SOUTH CAROLINA, SC US","2007-11-25","56","60","51"
"USW00013874","ATLANTA HARTSFIELD JACKSON INTERNATIONAL AIRPORT, GA US","2007-08-15",,"102","76"
"USW00013874","ATLANTA HARTSFIELD JACKSON INTERNATIONAL AIRPORT, GA US","2007-08-16",,"101","79"
"USW00013874","ATLANTA HARTSFIELD JACKSON INTERNATIONAL AIRPORT, GA US","2007-08-17",,"101","74"
"USW00013874","ATLANTA HARTSFIELD JACKSON INTERNATIONAL AIRPORT, GA US","2007-08-18",,"97","72"
"USW00013874","ATLANTA HARTSFIELD JACKSON INTERNATIONAL AIRPORT, GA US","2007-08-19",,"95","76"
"USW00013874","ATLANTA HARTSFIELD JACKSON INTERNATIONAL AIRPORT, GA US","2007-08-20",,"96","76"
"USW00013874","ATLANTA HARTSFIELD JACKSON INTERNATIONAL AIRPORT, GA US","2007-08-21",,"99","77"
"USW00013874","ATLANTA HARTSFIELD JACKSON INTERNATIONAL AIRPORT, GA US","2007-08-22",,"104","79"
"USW00013874","ATLANTA HARTSFIELD JACKSON INTERNATIONAL AIRPORT, GA US","2007-08-23",,"98","74"
"USW00013874","ATLANTA HARTSFIELD JACKSON INTERNATIONAL AIRPORT, GA US","2007-08-24",,"95","72"
"USW00013874","ATLANTA HARTSFIELD JACKSON INTERNATIONAL AIRPORT, GA US","2007-08-25",,"94","72"
"USW00013874","ATLANTA HARTSFIELD JACKSON INTERNATIONAL AIRPORT, GA US","2007-08-26",,"92","73"
"USW00013874","ATLANTA HARTSFIELD JACKSON INTERNATIONAL AIRPORT, GA US","2007-08-27",,"88","72"
"USW00013874","ATLANTA HARTSFIELD JACKSON INTERNATIONAL AIRPORT, GA US","2007-08-28",,"88","72"
"USW00013874","ATLANTA HARTSFIELD JACKSON INTERNATIONAL AIRPORT, GA US","2007-08-29",,"89","73"
"USW00013874","ATLANTA HARTSFIELD JACKSON INTERNATIONAL AIRPORT, GA US","2007-08-30",,"89","73"
"USW00013874","ATLANTA HARTSFIELD JACKSON INTERNATIONAL AIRPORT, GA US","2007-08-31",,"86","72"
"USW00013874","ATLANTA HARTSFIELD JACKSON INTERNATIONAL AIRPORT, GA US","2007-09-01",,"84","70"
"USW00013874","ATLANTA HARTSFIELD JACKSON INTERNATIONAL AIRPORT, GA US","2007-09-02",,"83","71"
"USW00013874","ATLANTA HARTSFIELD JACKSON INTERNATIONAL AIRPORT, GA US","2007-09-03",,"88","70"
"USW00013874","ATLANTA HARTSFIELD JACKSON INTERNATIONAL AIRPORT, GA US","2007-09-04",,"91","70"
"USW00013874","ATLANTA HARTSFIELD JACKSON INTERNATIONAL AIRPORT, GA US","2007-09-05",,"89","70"
"USW00013874","ATLANTA HARTSFIELD JACKSON INTERNATIONAL AIRPORT, GA US","2007-09-06",,"85","71"
"USW00013874","ATLANTA HARTSFIELD JACKSON INTERNATIONAL AIRPORT, GA US","2007-09-07",,"86","71"
"USW00013874","ATLANTA HARTSFIELD JACKSON INTERNATIONAL AIRPORT, GA US","2007-09-08",,"88","69"
"USW00013874","ATLANTA HARTSFIELD JACKSON INTERNATIONAL AIRPORT, GA US","2007-09-09",,"89","69"
"USW00013874","ATLANTA HARTSFIELD JACKSON INTERNATIONAL AIRPORT, GA US","2007-09-10",,"89","72"
"USW00013874","ATLANTA HARTSFIELD JACKSON INTERNATIONAL AIRPORT, GA US","2007-09-11",,"89","69"
"USW00013874","ATLANTA HARTSFIELD JACKSON INTERNATIONAL AIRPORT, GA US","2007-09-12",,"86","70"
"USW00013874","ATLANTA HARTSFIELD JACKSON INTERNATIONAL AIRPORT, GA US","2007-09-13",,"85","69"
"USW00013874","ATLANTA HARTSFIELD JACKSON INTERNATIONAL AIRPORT, GA US","2007-09-14",,"81","68"
"USW00013874","ATLANTA HARTSFIELD JACKSON INTERNATIONAL AIRPORT, GA US","2007-09-15",,"82","61"
"USW00013874","ATLANTA HARTSFIELD JACKSON INTERNATIONAL AIRPORT, GA US","2007-09-16",,"76","62"
"USW00013874","ATLANTA HARTSFIELD JACKSON INTERNATIONAL AIRPORT, GA US","2007-09-17",,"78","63"
"USW00013874","ATLANTA HARTSFIELD JACKSON INTERNATIONAL AIRPORT, GA US","2007-09-18",,"79","60"
"USW00013874","ATLANTA HARTSFIELD JACKSON INTERNATIONAL AIRPORT, GA US","2007-09-19",,"82","60"
"USW00013874","ATLANTA HARTSFIELD JACKSON INTERNATIONAL AIRPORT, GA US","2007-09-20",,"81","66"
"USW00013874","ATLANTA HARTSFIELD JACKSON INTERNATIONAL AIRPORT, GA US","2007-09-21",,"78","68"
"USW00013874","ATLANTA HARTSFIELD JACKSON INTERNATIONAL AIRPORT, GA US","2007-09-22",,"86","72"
"USW00013874","ATLANTA HARTSFIELD JACKSON INTERNATIONAL AIRPORT, GA US","2007-09-23",,"83","72"
"USW00013874","ATLANTA HARTSFIELD JACKSON INTERNATIONAL AIRPORT, GA US","2007-09-24",,"89","71"
"USW00013874","ATLANTA HARTSFIELD JACKSON INTERNATIONAL AIRPORT, GA US","2007-09-25",,"87","71"
"USW00013874","ATLANTA HARTSFIELD JACKSON INTERNATIONAL AIRPORT, GA US","2007-09-26",,"84","66"
"USW00013874","ATLANTA HARTSFIELD JACKSON INTERNATIONAL AIRPORT, GA US","2007-09-27",,"85","69"
"USW00013874","ATLANTA HARTSFIELD JACKSON INTERNATIONAL AIRPORT, GA US","2007-09-28",,"85","66"
"USW00013874","ATLANTA HARTSFIELD JACKSON INTERNATIONAL AIRPORT, GA US","2007-09-29",,"81","62"
"USW00013874","ATLANTA HARTSFIELD JACKSON INTERNATIONAL AIRPORT, GA US","2007-09-30",,"79","54"
"USW00013874","ATLANTA HARTSFIELD JACKSON INTERNATIONAL AIRPORT, GA US","2007-10-01",,"80","57"
"USW00013874","ATLANTA HARTSFIELD JACKSON INTERNATIONAL AIRPORT, GA US","2007-10-02",,"82","61"
"USW00013874","ATLANTA HARTSFIELD JACKSON INTERNATIONAL AIRPORT, GA US","2007-10-03",,"77","70"
"USW00013874","ATLANTA HARTSFIELD JACKSON INTERNATIONAL AIRPORT, GA US","2007-10-04",,"80","70"
"USW00013874","ATLANTA HARTSFIELD JACKSON INTERNATIONAL AIRPORT, GA US","2007-10-05",,"81","71"
"USW00013874","ATLANTA HARTSFIELD JACKSON INTERNATIONAL AIRPORT, GA US","2007-10-06",,"82","69"
"USW00013874","ATLANTA HARTSFIELD JACKSON INTERNATIONAL AIRPORT, GA US","2007-10-07",,"83","68"
"USW00013874","ATLANTA HARTSFIELD JACKSON INTERNATIONAL AIRPORT, GA US","2007-10-08",,"83","68"
"USW00013874","ATLANTA HARTSFIELD JACKSON INTERNATIONAL AIRPORT, GA US","2007-10-09",,"81","67"
"USW00013874","ATLANTA HARTSFIELD JACKSON INTERNATIONAL AIRPORT, GA US","2007-10-10",,"81","62"
"USW00013874","ATLANTA HARTSFIELD JACKSON INTERNATIONAL AIRPORT, GA US","2007-10-11",,"67","51"
"USW00013874","ATLANTA HARTSFIELD JACKSON INTERNATIONAL AIRPORT, GA US","2007-10-12",,"72","46"
"USW00013874","ATLANTA HARTSFIELD JACKSON INTERNATIONAL AIRPORT, GA US","2007-10-13",,"74","49"
"USW00013874","ATLANTA HARTSFIELD JACKSON INTERNATIONAL AIRPORT, GA US","2007-10-14",,"78","53"
"USW00013874","ATLANTA HARTSFIELD JACKSON INTERNATIONAL AIRPORT, GA US","2007-10-15",,"78","56"
"USW00013874","ATLANTA HARTSFIELD JACKSON INTERNATIONAL AIRPORT, GA US","2007-10-16",,"76","63"
"USW00013874","ATLANTA HARTSFIELD JACKSON INTERNATIONAL AIRPORT, GA US","2007-10-17",,"82","63"
"USW00013874","ATLANTA HARTSFIELD JACKSON INTERNATIONAL AIRPORT, GA US","2007-10-18",,"77","68"
"USW00013874","ATLANTA HARTSFIELD JACKSON INTERNATIONAL AIRPORT, GA US","2007-10-19",,"76","58"
"USW00013874","ATLANTA HARTSFIELD JACKSON INTERNATIONAL AIRPORT, GA US","2007-10-20",,"75","52"
"USW00013874","ATLANTA HARTSFIELD JACKSON INTERNATIONAL AIRPORT, GA US","2007-10-21",,"78","51"
"USW00013874","ATLANTA HARTSFIELD JACKSON INTERNATIONAL AIRPORT, GA US","2007-10-22",,"72","64"
"USW00013874","ATLANTA HARTSFIELD JACKSON INTERNATIONAL AIRPORT, GA US","2007-10-23",,"81","58"
"USW00013874","ATLANTA HARTSFIELD JACKSON INTERNATIONAL AIRPORT, GA US","2007-10-24",,"59","49"
"USW00013874","ATLANTA HARTSFIELD JACKSON INTERNATIONAL AIRPORT, GA US","2007-10-25",,"61","45"
"USW00013874","ATLANTA HARTSFIELD JACKSON INTERNATIONAL AIRPORT, GA US","2007-10-26",,"68","52"
"USW00013874","ATLANTA HARTSFIELD JACKSON INTERNATIONAL AIRPORT, GA US","2007-10-27",,"67","46"
"USW00013874","ATLANTA HARTSFIELD JACKSON INTERNATIONAL AIRPORT, GA US","2007-10-28",,"70","47"
"USW00013874","ATLANTA HARTSFIELD JACKSON INTERNATIONAL AIRPORT, GA US","2007-10-29",,"62","46"
"USW00013874","ATLANTA HARTSFIELD JACKSON INTERNATIONAL AIRPORT, GA US","2007-10-30",,"67","40"
"USW00013874","ATLANTA HARTSFIELD JACKSON INTERNATIONAL AIRPORT, GA US","2007-10-31",,"71","48"
"USW00013874","ATLANTA HARTSFIELD JACKSON INTERNATIONAL AIRPORT, GA US","2007-11-01",,"75","57"
"USW00013874","ATLANTA HARTSFIELD JACKSON INTERNATIONAL AIRPORT, GA US","2007-11-02",,"69","53"
"USW00013874","ATLANTA HARTSFIELD JACKSON INTERNATIONAL AIRPORT, GA US","2007-11-03",,"68","47"
"USW00013874","ATLANTA HARTSFIELD JACKSON INTERNATIONAL AIRPORT, GA US","2007-11-04",,"68","42"
"USW00013874","ATLANTA HARTSFIELD JACKSON INTERNATIONAL AIRPORT, GA US","2007-11-05",,"72","44"
"USW00013874","ATLANTA HARTSFIELD JACKSON INTERNATIONAL AIRPORT, GA US","2007-11-06",,"61","40"
"USW00013874","ATLANTA HARTSFIELD JACKSON INTERNATIONAL AIRPORT, GA US","2007-11-07",,"55","32"
"USW00013874","ATLANTA HARTSFIELD JACKSON INTERNATIONAL AIRPORT, GA US","2007-11-08",,"58","32"
"USW00013874","ATLANTA HARTSFIELD JACKSON INTERNATIONAL AIRPORT, GA US","2007-11-09",,"66","38"
"USW00013874","ATLANTA HARTSFIELD JACKSON INTERNATIONAL AIRPORT, GA US","2007-11-10",,"62","43"
"USW00013874","ATLANTA HARTSFIELD JACKSON INTERNATIONAL AIRPORT, GA US","2007-11-11",,"63","38"
"USW00013874","ATLANTA HARTSFIELD JACKSON INTERNATIONAL AIRPORT, GA US","2007-11-12",,"68","44"
"USW00013874","ATLANTA HARTSFIELD JACKSON INTERNATIONAL AIRPORT, GA US","2007-11-13",,"74","49"
"USW00013874","ATLANTA HARTSFIELD JACKSON INTERNATIONAL AIRPORT, GA US","2007-11-14",,"77","55"
"USW00013874","ATLANTA HARTSFIELD JACKSON INTERNATIONAL AIRPORT, GA US","2007-11-15",,"64","36"
"USW00013874","ATLANTA HARTSFIELD JACKSON INTERNATIONAL AIRPORT, GA US","2007-11-16",,"54","30"
"USW00013874","ATLANTA HARTSFIELD JACKSON INTERNATIONAL AIRPORT, GA US","2007-11-17",,"61","33"
"USW00013874","ATLANTA HARTSFIELD JACKSON INTERNATIONAL AIRPORT, GA US","2007-11-18",,"68","49"
"USW00013874","ATLANTA HARTSFIELD JACKSON INTERNATIONAL AIRPORT, GA US","2007-11-19",,"71","51"
"USW00013874","ATLANTA HARTSFIELD JACKSON INTERNATIONAL AIRPORT, GA US","2007-11-20",,"73","50"
"USW00013874","ATLANTA HARTSFIELD JACKSON INTERNATIONAL AIRPORT, GA US","2007-11-21",,"72","51"
"USW00013874","ATLANTA HARTSFIELD JACKSON INTERNATIONAL AIRPORT, GA US","2007-11-22",,"66","40"
"USW00013874","ATLANTA HARTSFIELD JACKSON INTERNATIONAL AIRPORT, GA US","2007-11-23",,"50","36"
"USW00013874","ATLANTA HARTSFIELD JACKSON INTERNATIONAL AIRPORT, GA US","2007-11-24",,"51","33"
"USW00013874","ATLANTA HARTSFIELD JACKSON INTERNATIONAL AIRPORT, GA US","2007-11-25",,"49","44"
"USW00053863","ATLANTA DEKALB PEACHTREE AIRPORT, GA US","2007-08-15",,"101","67"
"USW00053863","ATLANTA DEKALB PEACHTREE AIRPORT, GA US","2007-08-16",,"102","74"
"USW00053863","ATLANTA DEKALB PEACHTREE AIRPORT, GA US","2007-08-17",,"100","74"
"USW00053863","ATLANTA DEKALB PEACHTREE AIRPORT, GA US","2007-08-18",,"97","71"
"USW00053863","ATLANTA DEKALB PEACHTREE AIRPORT, GA US","2007-08-19",,"95","74"
"USW00053863","ATLANTA DEKALB PEACHTREE AIRPORT, GA US","2007-08-20",,"97","71"
"USW00053863","ATLANTA DEKALB PEACHTREE AIRPORT, GA US","2007-08-21",,"100","73"
"USW00053863","ATLANTA DEKALB PEACHTREE AIRPORT, GA US","2007-08-22",,"102","74"
"USW00053863","ATLANTA DEKALB PEACHTREE AIRPORT, GA US","2007-08-23",,"98","74"
"USW00053863","ATLANTA DEKALB PEACHTREE AIRPORT, GA US","2007-08-24",,"96","70"
"USW00053863","ATLANTA DEKALB PEACHTREE AIRPORT, GA US","2007-08-25",,"94","70"
"USW00053863","ATLANTA DEKALB PEACHTREE AIRPORT, GA US","2007-08-26",,"92","71"
"USW00053863","ATLANTA DEKALB PEACHTREE AIRPORT, GA US","2007-08-27",,"87","70"
"USW00053863","ATLANTA DEKALB PEACHTREE AIRPORT, GA US","2007-08-28",,"87","73"
"USW00053863","ATLANTA DEKALB PEACHTREE AIRPORT, GA US","2007-08-29",,"89","72"
"USW00053863","ATLANTA DEKALB PEACHTREE AIRPORT, GA US","2007-08-30",,"90","72"
"USW00053863","ATLANTA DEKALB PEACHTREE AIRPORT, GA US","2007-08-31",,"85","72"
"USW00053863","ATLANTA DEKALB PEACHTREE AIRPORT, GA US","2007-09-01",,"86","69"
"USW00053863","ATLANTA DEKALB PEACHTREE AIRPORT, GA US","2007-09-02",,"83","71"
"USW00053863","ATLANTA DEKALB PEACHTREE AIRPORT, GA US","2007-09-03",,"88","65"
"USW00053863","ATLANTA DEKALB PEACHTREE AIRPORT, GA US","2007-09-04",,"92","67"
"USW00053863","ATLANTA DEKALB PEACHTREE AIRPORT, GA US","2007-09-05",,"91","65"
"USW00053863","ATLANTA DEKALB PEACHTREE AIRPORT, GA US","2007-09-06",,"85","68"
"USW00053863","ATLANTA DEKALB PEACHTREE AIRPORT, GA US","2007-09-07",,"87","68"
"USW00053863","ATLANTA DEKALB PEACHTREE AIRPORT, GA US","2007-09-08",,"90","64"
"USW00053863","ATLANTA DEKALB PEACHTREE AIRPORT, GA US","2007-09-09",,"90","64"
"USW00053863","ATLANTA DEKALB PEACHTREE AIRPORT, GA US","2007-09-10",,"91","67"
"USW00053863","ATLANTA DEKALB PEACHTREE AIRPORT, GA US","2007-09-11",,"91","67"
"USW00053863","ATLANTA DEKALB PEACHTREE AIRPORT, GA US","2007-09-12",,"86","68"
"USW00053863","ATLANTA DEKALB PEACHTREE AIRPORT, GA US","2007-09-13",,"86","66"
"USW00053863","ATLANTA DEKALB PEACHTREE AIRPORT, GA US","2007-09-14",,"82","67"
"USW00053863","ATLANTA DEKALB PEACHTREE AIRPORT, GA US","2007-09-15",,"82","59"
"USW00053863","ATLANTA DEKALB PEACHTREE AIRPORT, GA US","2007-09-16",,"77","59"
"USW00053863","ATLANTA DEKALB PEACHTREE AIRPORT, GA US","2007-09-17",,"78","62"
"USW00053863","ATLANTA DEKALB PEACHTREE AIRPORT, GA US","2007-09-18",,"78","60"
"USW00053863","ATLANTA DEKALB PEACHTREE AIRPORT, GA US","2007-09-19",,"82","58"
"USW00053863","ATLANTA DEKALB PEACHTREE AIRPORT, GA US","2007-09-20",,"80","65"
"USW00053863","ATLANTA DEKALB PEACHTREE AIRPORT, GA US","2007-09-21",,"78","67"
"USW00053863","ATLANTA DEKALB PEACHTREE AIRPORT, GA US","2007-09-22",,"86","71"
"USW00053863","ATLANTA DEKALB PEACHTREE AIRPORT, GA US","2007-09-23",,"87","71"
"USW00053863","ATLANTA DEKALB PEACHTREE AIRPORT, GA US","2007-09-24",,"90","67"
"USW00053863","ATLANTA DEKALB PEACHTREE AIRPORT, GA US","2007-09-25",,"89","66"
"USW00053863","ATLANTA DEKALB PEACHTREE AIRPORT, GA US","2007-09-26",,"86","61"
"USW00053863","ATLANTA DEKALB PEACHTREE AIRPORT, GA US","2007-09-27",,"87","65"
"USW00053863","ATLANTA DEKALB PEACHTREE AIRPORT, GA US","2007-09-28",,"85","61"
"USW00053863","ATLANTA DEKALB PEACHTREE AIRPORT, GA US","2007-09-29",,"82","55"
"USW00053863","ATLANTA DEKALB PEACHTREE AIRPORT, GA US","2007-09-30",,"79","55"
"USW00053863","ATLANTA DEKALB PEACHTREE AIRPORT, GA US","2007-10-01",,"81","57"
"USW00053863","ATLANTA DEKALB PEACHTREE AIRPORT, GA US","2007-10-02",,"82","57"
"USW00053863","ATLANTA DEKALB PEACHTREE AIRPORT, GA US","2007-10-03",,"77","70"
"USW00053863","ATLANTA DEKALB PEACHTREE AIRPORT, GA US","2007-10-04",,"80","70"
"USW00053863","ATLANTA DEKALB PEACHTREE AIRPORT, GA US","2007-10-05",,"81","71"
"USW00053863","ATLANTA DEKALB PEACHTREE AIRPORT, GA US","2007-10-06",,"83","68"
"USW00053863","ATLANTA DEKALB PEACHTREE AIRPORT, GA US","2007-10-07",,"85","66"
"USW00053863","ATLANTA DEKALB PEACHTREE AIRPORT, GA US","2007-10-08",,"86","67"
"USW00053863","ATLANTA DEKALB PEACHTREE AIRPORT, GA US","2007-10-09",,"85","63"
"USW00053863","ATLANTA DEKALB PEACHTREE AIRPORT, GA US","2007-10-10",,"82","60"
"USW00053863","ATLANTA DEKALB PEACHTREE AIRPORT, GA US","2007-10-11",,"67","50"
"USW00053863","ATLANTA DEKALB PEACHTREE AIRPORT, GA US","2007-10-12",,"73","43"
"USW00053863","ATLANTA DEKALB PEACHTREE AIRPORT, GA US","2007-10-13",,"74","43"
"USW00053863","ATLANTA DEKALB PEACHTREE AIRPORT, GA US","2007-10-14",,"79","46"
"USW00053863","ATLANTA DEKALB PEACHTREE AIRPORT, GA US","2007-10-15",,"80","53"
"USW00053863","ATLANTA DEKALB PEACHTREE AIRPORT, GA US","2007-10-16",,"77","63"
"USW00053863","ATLANTA DEKALB PEACHTREE AIRPORT, GA US","2007-10-17",,"83","63"
"USW00053863","ATLANTA DEKALB PEACHTREE AIRPORT, GA US","2007-10-18",,"77","67"
"USW00053863","ATLANTA DEKALB PEACHTREE AIRPORT, GA US","2007-10-19",,"77","58"
"USW00053863","ATLANTA DEKALB PEACHTREE AIRPORT, GA US","2007-10-20",,"76","49"
"USW00053863","ATLANTA DEKALB PEACHTREE AIRPORT, GA US","2007-10-21",,"79","45"
"USW00053863","ATLANTA DEKALB PEACHTREE AIRPORT, GA US","2007-10-22",,"71","63"
"USW00053863","ATLANTA DEKALB PEACHTREE AIRPORT, GA US","2007-10-23",,"82","57"
"USW00053863","ATLANTA DEKALB PEACHTREE AIRPORT, GA US","2007-10-24",,"59","48"
"USW00053863","ATLANTA DEKALB PEACHTREE AIRPORT, GA US","2007-10-25",,"62","45"
"USW00053863","ATLANTA DEKALB PEACHTREE AIRPORT, GA US","2007-10-26",,"69","49"
"USW00053863","ATLANTA DEKALB PEACHTREE AIRPORT, GA US","2007-10-27",,"69","46"
"USW00053863","ATLANTA DEKALB PEACHTREE AIRPORT, GA US","2007-10-28",,"70","42"
"USW00053863","ATLANTA DEKALB PEACHTREE AIRPORT, GA US","2007-10-29",,"62","42"
"USW00053863","ATLANTA DEKALB PEACHTREE AIRPORT, GA US","2007-10-30",,"67","34"
"USW00053863","ATLANTA DEKALB PEACHTREE AIRPORT, GA US","2007-10-31",,"71","49"
"USW00053863","ATLANTA DEKALB PEACHTREE AIRPORT, GA US","2007-11-01",,"76","50"
"USW00053863","ATLANTA DEKALB PEACHTREE AIRPORT, GA US","2007-11-02",,"70","48"
"USW00053863","ATLANTA DEKALB PEACHTREE AIRPORT, GA US","2007-11-03",,"68","39"
"USW00053863","ATLANTA DEKALB PEACHTREE AIRPORT, GA US","2007-11-04",,"67","39"
"USW00053863","ATLANTA DEKALB PEACHTREE AIRPORT, GA US","2007-11-05",,"72","36"
"USW00053863","ATLANTA DEKALB PEACHTREE AIRPORT, GA US","2007-11-06",,"60","40"
"USW00053863","ATLANTA DEKALB PEACHTREE AIRPORT, GA US","2007-11-07",,"56","32"
"USW00053863","ATLANTA DEKALB PEACHTREE AIRPORT, GA US","2007-11-08",,"58","28"
"USW00053863","ATLANTA DEKALB PEACHTREE AIRPORT, GA US","2007-11-09",,"66","31"
"USW00053863","ATLANTA DEKALB PEACHTREE AIRPORT, GA US","2007-11-10",,"61","37"
"USW00053863","ATLANTA DEKALB PEACHTREE AIRPORT, GA US","2007-11-11",,"62","38"
"USW00053863","ATLANTA DEKALB PEACHTREE AIRPORT, GA US","2007-11-12",,"67","36"
"USW00053863","ATLANTA DEKALB PEACHTREE AIRPORT, GA US","2007-11-13",,"74","40"
"USW00053863","ATLANTA DEKALB PEACHTREE AIRPORT, GA US","2007-11-14",,"77","52"
"USW00053863","ATLANTA DEKALB PEACHTREE AIRPORT, GA US","2007-11-15",,"63","37"
"USW00053863","ATLANTA DEKALB PEACHTREE AIRPORT, GA US","2007-11-16",,"53","30"
"USW00053863","ATLANTA DEKALB PEACHTREE AIRPORT, GA US","2007-11-17",,"62","29"
"USW00053863","ATLANTA DEKALB PEACHTREE AIRPORT, GA US","2007-11-18",,"72","47"
"USW00053863","ATLANTA DEKALB PEACHTREE AIRPORT, GA US","2007-11-19",,"72","46"
"USW00053863","ATLANTA DEKALB PEACHTREE AIRPORT, GA US","2007-11-20",,"73","42"
"USW00053863","ATLANTA DEKALB PEACHTREE AIRPORT, GA US","2007-11-21",,"74","45"
"USW00053863","ATLANTA DEKALB PEACHTREE AIRPORT, GA US","2007-11-22",,"65","40"
"USW00053863","ATLANTA DEKALB PEACHTREE AIRPORT, GA US","2007-11-23",,"50","33"
"USW00053863","ATLANTA DEKALB PEACHTREE AIRPORT, GA US","2007-11-24",,"50","33"
"USW00053863","ATLANTA DEKALB PEACHTREE AIRPORT, GA US","2007-11-25",,"48","43"
"USW00013837","AUGUSTA DANIEL FIELD AIRPORT, GA US","2007-08-15",,"103","75"
"USW00013837","AUGUSTA DANIEL FIELD AIRPORT, GA US","2007-08-16",,"101","77"
"USW00013837","AUGUSTA DANIEL FIELD AIRPORT, GA US","2007-08-17",,"102","73"
"USW00013837","AUGUSTA DANIEL FIELD AIRPORT, GA US","2007-08-18",,"95","72"
"USW00013837","AUGUSTA DANIEL FIELD AIRPORT, GA US","2007-08-19",,"96","74"
"USW00013837","AUGUSTA DANIEL FIELD AIRPORT, GA US","2007-08-20",,"98","76"
"USW00013837","AUGUSTA DANIEL FIELD AIRPORT, GA US","2007-08-21",,"102","77"
"USW00013837","AUGUSTA DANIEL FIELD AIRPORT, GA US","2007-08-22",,"104","79"
"USW00013837","AUGUSTA DANIEL FIELD AIRPORT, GA US","2007-08-23",,"93","76"
"USW00013837","AUGUSTA DANIEL FIELD AIRPORT, GA US","2007-08-24",,"97","77"
"USW00013837","AUGUSTA DANIEL FIELD AIRPORT, GA US","2007-08-25",,"94","76"
"USW00013837","AUGUSTA DANIEL FIELD AIRPORT, GA US","2007-08-26",,"92","73"
"USW00013837","AUGUSTA DANIEL FIELD AIRPORT, GA US","2007-08-27",,"90","74"
"USW00013837","AUGUSTA DANIEL FIELD AIRPORT, GA US","2007-08-28",,"90","75"
"USW00013837","AUGUSTA DANIEL FIELD AIRPORT, GA US","2007-08-29",,"93","72"
"USW00013837","AUGUSTA DANIEL FIELD AIRPORT, GA US","2007-08-30",,"93","74"
"USW00013837","AUGUSTA DANIEL FIELD AIRPORT, GA US","2007-08-31",,"87","73"
"USW00013837","AUGUSTA DANIEL FIELD AIRPORT, GA US","2007-09-01",,"80","72"
"USW00013837","AUGUSTA DANIEL FIELD AIRPORT, GA US","2007-09-02",,"88","71"
"USW00013837","AUGUSTA DANIEL FIELD AIRPORT, GA US","2007-09-03",,"92","67"
"USW00013837","AUGUSTA DANIEL FIELD AIRPORT, GA US","2007-09-04",,"93","72"
"USW00013837","AUGUSTA DANIEL FIELD AIRPORT, GA US","2007-09-05",,"92","73"
"USW00013837","AUGUSTA DANIEL FIELD AIRPORT, GA US","2007-09-06",,"92","71"
"USW00013837","AUGUSTA DANIEL FIELD AIRPORT, GA US","2007-09-07",,"92","71"
"USW00013837","AUGUSTA DANIEL FIELD AIRPORT, GA US","2007-09-08",,"92","69"
"USW00013837","AUGUSTA DANIEL FIELD AIRPORT, GA US","2007-09-09",,"94","69"
"USW00013837","AUGUSTA DANIEL FIELD AIRPORT, GA US","2007-09-10",,"93","70"
"USW00013837","AUGUSTA DANIEL FIELD AIRPORT, GA US","2007-09-11",,"95","72"
"USW00013837","AUGUSTA DANIEL FIELD AIRPORT, GA US","2007-09-12",,"87","73"
"USW00013837","AUGUSTA DANIEL FIELD AIRPORT, GA US","2007-09-13",,"85","71"
"USW00013837","AUGUSTA DANIEL FIELD AIRPORT, GA US","2007-09-14",,"85","71"
"USW00013837","AUGUSTA DANIEL FIELD AIRPORT, GA US","2007-09-15",,"89","70"
"USW00013837","AUGUSTA DANIEL FIELD AIRPORT, GA US","2007-09-16",,"79","68"
"USW00013837","AUGUSTA DANIEL FIELD AIRPORT, GA US","2007-09-17",,"82","64"
"USW00013837","AUGUSTA DANIEL FIELD AIRPORT, GA US","2007-09-18",,"83","62"
"USW00013837","AUGUSTA DANIEL FIELD AIRPORT, GA US","2007-09-19",,"83","58"
"USW00013837","AUGUSTA DANIEL FIELD AIRPORT, GA US","2007-09-20",,"77","71"
"USW00013837","AUGUSTA DANIEL FIELD AIRPORT, GA US","2007-09-21",,"80","70"
"USW00013837","AUGUSTA DANIEL FIELD AIRPORT, GA US","2007-09-22",,"91","72"
"USW00013837","AUGUSTA DANIEL FIELD AIRPORT, GA US","2007-09-23",,"93","72"
"USW00013837","AUGUSTA DANIEL FIELD AIRPORT, GA US","2007-09-24",,"93","71"
"USW00013837","AUGUSTA DANIEL FIELD AIRPORT, GA US","2007-09-25",,"91","71"
"USW00013837","AUGUSTA DANIEL FIELD AIRPORT, GA US","2007-09-26",,"90","66"
"USW00013837","AUGUSTA DANIEL FIELD AIRPORT, GA US","2007-09-27",,"92","69"
"USW00013837","AUGUSTA DANIEL FIELD AIRPORT, GA US","2007-09-28",,"91","69"
"USW00013837","AUGUSTA DANIEL FIELD AIRPORT, GA US","2007-09-29",,"84","66"
"USW00013837","AUGUSTA DANIEL FIELD AIRPORT, GA US","2007-09-30",,"84","61"
"USW00013837","AUGUSTA DANIEL FIELD AIRPORT, GA US","2007-10-01",,"86","65"
"USW00013837","AUGUSTA DANIEL FIELD AIRPORT, GA US","2007-10-02",,"85","66"
"USW00013837","AUGUSTA DANIEL FIELD AIRPORT, GA US","2007-10-03",,"82","71"
"USW00013837","AUGUSTA DANIEL FIELD AIRPORT, GA US","2007-10-04",,"77","72"
"USW00013837","AUGUSTA DANIEL FIELD AIRPORT, GA US","2007-10-05",,"85","73"
"USW00013837","AUGUSTA DANIEL FIELD AIRPORT, GA US","2007-10-06",,"84","72"
"USW00013837","AUGUSTA DANIEL FIELD AIRPORT, GA US","2007-10-07",,"85","69"
"USW00013837","AUGUSTA DANIEL FIELD AIRPORT, GA US","2007-10-08",,"90","70"
"USW00013837","AUGUSTA DANIEL FIELD AIRPORT, GA US","2007-10-09",,"91","69"
"USW00013837","AUGUSTA DANIEL FIELD AIRPORT, GA US","2007-10-10",,"89","68"
"USW00013837","AUGUSTA DANIEL FIELD AIRPORT, GA US","2007-10-11",,"77","57"
"USW00013837","AUGUSTA DANIEL FIELD AIRPORT, GA US","2007-10-12",,"76","50"
"USW00013837","AUGUSTA DANIEL FIELD AIRPORT, GA US","2007-10-13",,"78","52"
"USW00013837","AUGUSTA DANIEL FIELD AIRPORT, GA US","2007-10-14",,"84","53"
"USW00013837","AUGUSTA DANIEL FIELD AIRPORT, GA US","2007-10-15",,"84","58"
"USW00013837","AUGUSTA DANIEL FIELD AIRPORT, GA US","2007-10-16",,"82","63"
"USW00013837","AUGUSTA DANIEL FIELD AIRPORT, GA US","2007-10-17",,"86","68"
"USW00013837","AUGUSTA DANIEL FIELD AIRPORT, GA US","2007-10-18",,"86","68"
"USW00013837","AUGUSTA DANIEL FIELD AIRPORT, GA US","2007-10-19",,"75","67"
"USW00013837","AUGUSTA DANIEL FIELD AIRPORT, GA US","2007-10-20",,"80","60"
"USW00013837","AUGUSTA DANIEL FIELD AIRPORT, GA US","2007-10-21",,"82","55"
"USW00013837","AUGUSTA DANIEL FIELD AIRPORT, GA US","2007-10-22",,"82","69"
"USW00013837","AUGUSTA DANIEL FIELD AIRPORT, GA US","2007-10-23",,"87","69"
"USW00013837","AUGUSTA DANIEL FIELD AIRPORT, GA US","2007-10-24",,"68","59"
"USW00013837","AUGUSTA DANIEL FIELD AIRPORT, GA US","2007-10-25",,"74","53"
"USW00013837","AUGUSTA DANIEL FIELD AIRPORT, GA US","2007-10-26",,"74","60"
"USW00013837","AUGUSTA DANIEL FIELD AIRPORT, GA US","2007-10-27",,"77","58"
"USW00013837","AUGUSTA DANIEL FIELD AIRPORT, GA US","2007-10-28",,"70","56"
"USW00013837","AUGUSTA DANIEL FIELD AIRPORT, GA US","2007-10-29",,"65","48"
"USW00013837","AUGUSTA DANIEL FIELD AIRPORT, GA US","2007-10-30",,"71","43"
"USW00013837","AUGUSTA DANIEL FIELD AIRPORT, GA US","2007-10-31",,"76","50"
"USW00013837","AUGUSTA DANIEL FIELD AIRPORT, GA US","2007-11-01",,"80","57"
"USW00013837","AUGUSTA DANIEL FIELD AIRPORT, GA US","2007-11-02",,"70","51"
"USW00013837","AUGUSTA DANIEL FIELD AIRPORT, GA US","2007-11-03",,"70","44"
"USW00013837","AUGUSTA DANIEL FIELD AIRPORT, GA US","2007-11-04",,"72","47"
"USW00013837","AUGUSTA DANIEL FIELD AIRPORT, GA US","2007-11-05",,"75","48"
"USW00013837","AUGUSTA DANIEL FIELD AIRPORT, GA US","2007-11-06",,"73","46"
"USW00013837","AUGUSTA DANIEL FIELD AIRPORT, GA US","2007-11-07",,"58","36"
"USW00013837","AUGUSTA DANIEL FIELD AIRPORT, GA US","2007-11-08",,"60","34"
"USW00013837","AUGUSTA DANIEL FIELD AIRPORT, GA US","2007-11-09",,"67","38"
"USW00013837","AUGUSTA DANIEL FIELD AIRPORT, GA US","2007-11-10",,"68","50"
"USW00013837","AUGUSTA DANIEL FIELD AIRPORT, GA US","2007-11-11",,"63","38"
"USW00013837","AUGUSTA DANIEL FIELD AIRPORT, GA US","2007-11-12",,"71","40"
"USW00013837","AUGUSTA DANIEL FIELD AIRPORT, GA US","2007-11-13",,"77","45"
"USW00013837","AUGUSTA DANIEL FIELD AIRPORT, GA US","2007-11-14",,"81","60"
"USW00013837","AUGUSTA DANIEL FIELD AIRPORT, GA US","2007-11-15",,"67","41"
"USW00013837","AUGUSTA DANIEL FIELD AIRPORT, GA US","2007-11-16",,"57","36"
"USW00013837","AUGUSTA DANIEL FIELD AIRPORT, GA US","2007-11-17",,"65","34"
"USW00013837","AUGUSTA DANIEL FIELD AIRPORT, GA US","2007-11-18",,"74","51"
"USW00013837","AUGUSTA DANIEL FIELD AIRPORT, GA US","2007-11-19",,"76","58"
"USW00013837","AUGUSTA DANIEL FIELD AIRPORT, GA US","2007-11-20",,"77","52"
"USW00013837","AUGUSTA DANIEL FIELD AIRPORT, GA US","2007-11-21",,"78","55"
"USW00013837","AUGUSTA DANIEL FIELD AIRPORT, GA US","2007-11-22",,"74","46"
"USW00013837","AUGUSTA DANIEL FIELD AIRPORT, GA US","2007-11-23",,"56","41"
"USW00013837","AUGUSTA DANIEL FIELD AIRPORT, GA US","2007-11-24",,"53","36"
"USW00013837","AUGUSTA DANIEL FIELD AIRPORT, GA US","2007-11-25",,"56","49"
"USW00003820","AUGUSTA BUSH FIELD AIRPORT, GA US","2007-08-15",,"103","70"
"USW00003820","AUGUSTA BUSH FIELD AIRPORT, GA US","2007-08-16",,"103","73"
"USW00003820","AUGUSTA BUSH FIELD AIRPORT, GA US","2007-08-17",,"105","73"
"USW00003820","AUGUSTA BUSH FIELD AIRPORT, GA US","2007-08-18",,"96","72"
"USW00003820","AUGUSTA BUSH FIELD AIRPORT, GA US","2007-08-19",,"96","72"
"USW00003820","AUGUSTA BUSH FIELD AIRPORT, GA US","2007-08-20",,"100","71"
"USW00003820","AUGUSTA BUSH FIELD AIRPORT, GA US","2007-08-21",,"101","72"
"USW00003820","AUGUSTA BUSH FIELD AIRPORT, GA US","2007-08-22",,"105","75"
"USW00003820","AUGUSTA BUSH FIELD AIRPORT, GA US","2007-08-23",,"92","73"
"USW00003820","AUGUSTA BUSH FIELD AIRPORT, GA US","2007-08-24",,"97","73"
"USW00003820","AUGUSTA BUSH FIELD AIRPORT, GA US","2007-08-25",,"96","72"
"USW00003820","AUGUSTA BUSH FIELD AIRPORT, GA US","2007-08-26",,"97","69"
"USW00003820","AUGUSTA BUSH FIELD AIRPORT, GA US","2007-08-27",,"92","72"
"USW00003820","AUGUSTA BUSH FIELD AIRPORT, GA US","2007-08-28",,"94","71"
"USW00003820","AUGUSTA BUSH FIELD AIRPORT, GA US","2007-08-29",,"96","68"
"USW00003820","AUGUSTA BUSH FIELD AIRPORT, GA US","2007-08-30",,"95","73"
"USW00003820","AUGUSTA BUSH FIELD AIRPORT, GA US","2007-08-31",,"89","73"
"USW00003820","AUGUSTA BUSH FIELD AIRPORT, GA US","2007-09-01",,"82","72"
"USW00003820","AUGUSTA BUSH FIELD AIRPORT, GA US","2007-09-02",,"89","66"
"USW00003820","AUGUSTA BUSH FIELD AIRPORT, GA US","2007-09-03",,"93","63"
"USW00003820","AUGUSTA BUSH FIELD AIRPORT, GA US","2007-09-04",,"95","65"
"USW00003820","AUGUSTA BUSH FIELD AIRPORT, GA US","2007-09-05",,"94","65"
"USW00003820","AUGUSTA BUSH FIELD AIRPORT, GA US","2007-09-06",,"95","65"
"USW00003820","AUGUSTA BUSH FIELD AIRPORT, GA US","2007-09-07",,"94","65"
"USW00003820","AUGUSTA BUSH FIELD AIRPORT, GA US","2007-09-08",,"93","63"
"USW00003820","AUGUSTA BUSH FIELD AIRPORT, GA US","2007-09-09",,"95","61"
"USW00003820","AUGUSTA BUSH FIELD AIRPORT, GA US","2007-09-10",,"96","62"
"USW00003820","AUGUSTA BUSH FIELD AIRPORT, GA US","2007-09-11",,"97","69"
"USW00003820","AUGUSTA BUSH FIELD AIRPORT, GA US","2007-09-12",,"89","71"
"USW00003820","AUGUSTA BUSH FIELD AIRPORT, GA US","2007-09-13",,"90","69"
"USW00003820","AUGUSTA BUSH FIELD AIRPORT, GA US","2007-09-14",,"89","72"
"USW00003820","AUGUSTA BUSH FIELD AIRPORT, GA US","2007-09-15",,"90","71"
"USW00003820","AUGUSTA BUSH FIELD AIRPORT, GA US","2007-09-16",,"82","63"
"USW00003820","AUGUSTA BUSH FIELD AIRPORT, GA US","2007-09-17",,"83","57"
"USW00003820","AUGUSTA BUSH FIELD AIRPORT, GA US","2007-09-18",,"84","55"
"USW00003820","AUGUSTA BUSH FIELD AIRPORT, GA US","2007-09-19",,"85","56"
"USW00003820","AUGUSTA BUSH FIELD AIRPORT, GA US","2007-09-20",,"79","72"
"USW00003820","AUGUSTA BUSH FIELD AIRPORT, GA US","2007-09-21",,"83","70"
"USW00003820","AUGUSTA BUSH FIELD AIRPORT, GA US","2007-09-22",,"92","68"
"USW00003820","AUGUSTA BUSH FIELD AIRPORT, GA US","2007-09-23",,"94","68"
"USW00003820","AUGUSTA BUSH FIELD AIRPORT, GA US","2007-09-24",,"95","67"
"USW00003820","AUGUSTA BUSH FIELD AIRPORT, GA US","2007-09-25",,"92","63"
"USW00003820","AUGUSTA BUSH FIELD AIRPORT, GA US","2007-09-26",,"91","60"
"USW00003820","AUGUSTA BUSH FIELD AIRPORT, GA US","2007-09-27",,"93","64"
"USW00003820","AUGUSTA BUSH FIELD AIRPORT, GA US","2007-09-28",,"92","61"
"USW00003820","AUGUSTA BUSH FIELD AIRPORT, GA US","2007-09-29",,"86","53"
"USW00003820","AUGUSTA BUSH FIELD AIRPORT, GA US","2007-09-30",,"85","48"
"USW00003820","AUGUSTA BUSH FIELD AIRPORT, GA US","2007-10-01",,"87","52"
"USW00003820","AUGUSTA BUSH FIELD AIRPORT, GA US","2007-10-02",,"86","56"
"USW00003820","AUGUSTA BUSH FIELD AIRPORT, GA US","2007-10-03",,"84","72"
"USW00003820","AUGUSTA BUSH FIELD AIRPORT, GA US","2007-10-04",,"79","68"
"USW00003820","AUGUSTA BUSH FIELD AIRPORT, GA US","2007-10-05",,"87","72"
"USW00003820","AUGUSTA BUSH FIELD AIRPORT, GA US","2007-10-06",,"88","68"
"USW00003820","AUGUSTA BUSH FIELD AIRPORT, GA US","2007-10-07",,"88","67"
"USW00003820","AUGUSTA BUSH FIELD AIRPORT, GA US","2007-10-08",,"93","65"
"USW00003820","AUGUSTA BUSH FIELD AIRPORT, GA US","2007-10-09",,"94","62"
"USW00003820","AUGUSTA BUSH FIELD AIRPORT, GA US","2007-10-10",,"93","62"
"USW00003820","AUGUSTA BUSH FIELD AIRPORT, GA US","2007-10-11",,"80","48"
"USW00003820","AUGUSTA BUSH FIELD AIRPORT, GA US","2007-10-12",,"78","41"
"USW00003820","AUGUSTA BUSH FIELD AIRPORT, GA US","2007-10-13",,"80","42"
"USW00003820","AUGUSTA BUSH FIELD AIRPORT, GA US","2007-10-14",,"85","44"
"USW00003820","AUGUSTA BUSH FIELD AIRPORT, GA US","2007-10-15",,"86","49"
"USW00003820","AUGUSTA BUSH FIELD AIRPORT, GA US","2007-10-16",,"86","55"
"USW00003820","AUGUSTA BUSH FIELD AIRPORT, GA US","2007-10-17",,"89","62"
"USW00003820","AUGUSTA BUSH FIELD AIRPORT, GA US","2007-10-18",,"89","61"
"USW00003820","AUGUSTA BUSH FIELD AIRPORT, GA US","2007-10-19",,"79","67"
"USW00003820","AUGUSTA BUSH FIELD AIRPORT, GA US","2007-10-20",,"83","49"
"USW00003820","AUGUSTA BUSH FIELD AIRPORT, GA US","2007-10-21",,"85","44"
"USW00003820","AUGUSTA BUSH FIELD AIRPORT, GA US","2007-10-22",,"86","66"
"USW00003820","AUGUSTA BUSH FIELD AIRPORT, GA US","2007-10-23",,"91","71"
"USW00003820","AUGUSTA BUSH FIELD AIRPORT, GA US","2007-10-24",,"75","60"
"USW00003820","AUGUSTA BUSH FIELD AIRPORT, GA US","2007-10-25",,"77","53"
"USW00003820","AUGUSTA BUSH FIELD AIRPORT, GA US","2007-10-26",,"75","56"
"USW00003820","AUGUSTA BUSH FIELD AIRPORT, GA US","2007-10-27",,"80","53"
"USW00003820","AUGUSTA BUSH FIELD AIRPORT, GA US","2007-10-28",,"73","50"
"USW00003820","AUGUSTA BUSH FIELD AIRPORT, GA US","2007-10-29",,"68","40"
"USW00003820","AUGUSTA BUSH FIELD AIRPORT, GA US","2007-10-30",,"74","36"
"USW00003820","AUGUSTA BUSH FIELD AIRPORT, GA US","2007-10-31",,"81","44"
"USW00003820","AUGUSTA BUSH FIELD AIRPORT, GA US","2007-11-01",,"82","53"
"USW00003820","AUGUSTA BUSH FIELD AIRPORT, GA US","2007-11-02",,"72","47"
"USW00003820","AUGUSTA BUSH FIELD AIRPORT, GA US","2007-11-03",,"72","38"
"USW00003820","AUGUSTA BUSH FIELD AIRPORT, GA US","2007-11-04",,"74","34"
"USW00003820","AUGUSTA BUSH FIELD AIRPORT, GA US","2007-11-05",,"76","36"
"USW00003820","AUGUSTA BUSH FIELD AIRPORT, GA US","2007-11-06",,"76","45"
"USW00003820","AUGUSTA BUSH FIELD AIRPORT, GA US","2007-11-07",,"60","29"
"USW00003820","AUGUSTA BUSH FIELD AIRPORT, GA US","2007-11-08",,"62","24"
"USW00003820","AUGUSTA BUSH FIELD AIRPORT, GA US","2007-11-09",,"70","28"
"USW00003820","AUGUSTA BUSH FIELD AIRPORT, GA US","2007-11-10",,"70","37"
"USW00003820","AUGUSTA BUSH FIELD AIRPORT, GA US","2007-11-11",,"65","31"
"USW00003820","AUGUSTA BUSH FIELD AIRPORT, GA US","2007-11-12",,"74","30"
"USW00003820","AUGUSTA BUSH FIELD AIRPORT, GA US","2007-11-13",,"79","35"
"USW00003820","AUGUSTA BUSH FIELD AIRPORT, GA US","2007-11-14",,"84","48"
"USW00003820","AUGUSTA BUSH FIELD AIRPORT, GA US","2007-11-15",,"67","42"
"USW00003820","AUGUSTA BUSH FIELD AIRPORT, GA US","2007-11-16",,"59","27"
"USW00003820","AUGUSTA BUSH FIELD AIRPORT, GA US","2007-11-17",,"67","25"
"USW00003820","AUGUSTA BUSH FIELD AIRPORT, GA US","2007-11-18",,"75","42"
"USW00003820","AUGUSTA BUSH FIELD AIRPORT, GA US","2007-11-19",,"79","48"
"USW00003820","AUGUSTA BUSH FIELD AIRPORT, GA US","2007-11-20",,"80","42"
"USW00003820","AUGUSTA BUSH FIELD AIRPORT, GA US","2007-11-21",,"80","46"
"USW00003820","AUGUSTA BUSH FIELD AIRPORT, GA US","2007-11-22",,"76","47"
"USW00003820","AUGUSTA BUSH FIELD AIRPORT, GA US","2007-11-23",,"59","34"
"USW00003820","AUGUSTA BUSH FIELD AIRPORT, GA US","2007-11-24",,"55","32"
"USW00003820","AUGUSTA BUSH FIELD AIRPORT, GA US","2007-11-25",,"59","51"
"USW00003822","SAVANNAH HILTON HEAD INTERNATIONAL AIRPORT, GA US","2007-08-15",,"95","76"
"USW00003822","SAVANNAH HILTON HEAD INTERNATIONAL AIRPORT, GA US","2007-08-16",,"93","75"
"USW00003822","SAVANNAH HILTON HEAD INTERNATIONAL AIRPORT, GA US","2007-08-17",,"92","76"
"USW00003822","SAVANNAH HILTON HEAD INTERNATIONAL AIRPORT, GA US","2007-08-18",,"92","74"
"USW00003822","SAVANNAH HILTON HEAD INTERNATIONAL AIRPORT, GA US","2007-08-19",,"93","72"
"USW00003822","SAVANNAH HILTON HEAD INTERNATIONAL AIRPORT, GA US","2007-08-20",,"95","73"
"USW00003822","SAVANNAH HILTON HEAD INTERNATIONAL AIRPORT, GA US","2007-08-21",,"97","74"
"USW00003822","SAVANNAH HILTON HEAD INTERNATIONAL AIRPORT, GA US","2007-08-22",,"98","75"
"USW00003822","SAVANNAH HILTON HEAD INTERNATIONAL AIRPORT, GA US","2007-08-23",,"92","76"
"USW00003822","SAVANNAH HILTON HEAD INTERNATIONAL AIRPORT, GA US","2007-08-24",,"90","76"
"USW00003822","SAVANNAH HILTON HEAD INTERNATIONAL AIRPORT, GA US","2007-08-25",,"89","76"
"USW00003822","SAVANNAH HILTON HEAD INTERNATIONAL AIRPORT, GA US","2007-08-26",,"92","72"
"USW00003822","SAVANNAH HILTON HEAD INTERNATIONAL AIRPORT, GA US","2007-08-27",,"92","74"
"USW00003822","SAVANNAH HILTON HEAD INTERNATIONAL AIRPORT, GA US","2007-08-28",,"89","76"
"USW00003822","SAVANNAH HILTON HEAD INTERNATIONAL AIRPORT, GA US","2007-08-29",,"92","77"
"USW00003822","SAVANNAH HILTON HEAD INTERNATIONAL AIRPORT, GA US","2007-08-30",,"93","74"
"USW00003822","SAVANNAH HILTON HEAD INTERNATIONAL AIRPORT, GA US","2007-08-31",,"80","73"
"USW00003822","SAVANNAH HILTON HEAD INTERNATIONAL AIRPORT, GA US","2007-09-01",,"80","73"
"USW00003822","SAVANNAH HILTON HEAD INTERNATIONAL AIRPORT, GA US","2007-09-02",,"81","73"
"USW00003822","SAVANNAH HILTON HEAD INTERNATIONAL AIRPORT, GA US","2007-09-03",,"89","71"
"USW00003822","SAVANNAH HILTON HEAD INTERNATIONAL AIRPORT, GA US","2007-09-04",,"91","69"
"USW00003822","SAVANNAH HILTON HEAD INTERNATIONAL AIRPORT, GA US","2007-09-05",,"90","67"
"USW00003822","SAVANNAH HILTON HEAD INTERNATIONAL AIRPORT, GA US","2007-09-06",,"90","73"
"USW00003822","SAVANNAH HILTON HEAD INTERNATIONAL AIRPORT, GA US","2007-09-07",,"88","68"
"USW00003822","SAVANNAH HILTON HEAD INTERNATIONAL AIRPORT, GA US","2007-09-08",,"87","67"
"USW00003822","SAVANNAH HILTON HEAD INTERNATIONAL AIRPORT, GA US","2007-09-09",,"89","67"
"USW00003822","SAVANNAH HILTON HEAD INTERNATIONAL AIRPORT, GA US","2007-09-10",,"91","70"
"USW00003822","SAVANNAH HILTON HEAD INTERNATIONAL AIRPORT, GA US","2007-09-11",,"91","73"
"USW00003822","SAVANNAH HILTON HEAD INTERNATIONAL AIRPORT, GA US","2007-09-12",,"91","73"
"USW00003822","SAVANNAH HILTON HEAD INTERNATIONAL AIRPORT, GA US","2007-09-13",,"88","73"
"USW00003822","SAVANNAH HILTON HEAD INTERNATIONAL AIRPORT, GA US","2007-09-14",,"89","72"
"USW00003822","SAVANNAH HILTON HEAD INTERNATIONAL AIRPORT, GA US","2007-09-15",,"85","72"
"USW00003822","SAVANNAH HILTON HEAD INTERNATIONAL AIRPORT, GA US","2007-09-16",,"82","69"
"USW00003822","SAVANNAH HILTON HEAD INTERNATIONAL AIRPORT, GA US","2007-09-17",,"81","66"
"USW00003822","SAVANNAH HILTON HEAD INTERNATIONAL AIRPORT, GA US","2007-09-18",,"82","62"
"USW00003822","SAVANNAH HILTON HEAD INTERNATIONAL AIRPORT, GA US","2007-09-19",,"79","63"
"USW00003822","SAVANNAH HILTON HEAD INTERNATIONAL AIRPORT, GA US","2007-09-20",,"77","70"
"USW00003822","SAVANNAH HILTON HEAD INTERNATIONAL AIRPORT, GA US","2007-09-21",,"83","70"
"USW00003822","SAVANNAH HILTON HEAD INTERNATIONAL AIRPORT, GA US","2007-09-22",,"85","71"
"USW00003822","SAVANNAH HILTON HEAD INTERNATIONAL AIRPORT, GA US","2007-09-23",,"88","72"
"USW00003822","SAVANNAH HILTON HEAD INTERNATIONAL AIRPORT, GA US","2007-09-24",,"89","71"
"USW00003822","SAVANNAH HILTON HEAD INTERNATIONAL AIRPORT, GA US","2007-09-25",,"86","68"
"USW00003822","SAVANNAH HILTON HEAD INTERNATIONAL AIRPORT, GA US","2007-09-26",,"85","72"
"USW00003822","SAVANNAH HILTON HEAD INTERNATIONAL AIRPORT, GA US","2007-09-27",,"89","69"
"USW00003822","SAVANNAH HILTON HEAD INTERNATIONAL AIRPORT, GA US","2007-09-28",,"90","71"
"USW00003822","SAVANNAH HILTON HEAD INTERNATIONAL AIRPORT, GA US","2007-09-29",,"82","63"
"USW00003822","SAVANNAH HILTON HEAD INTERNATIONAL AIRPORT, GA US","2007-09-30",,"82","63"
"USW00003822","SAVANNAH HILTON HEAD INTERNATIONAL AIRPORT, GA US","2007-10-01",,"84","64"
"USW00003822","SAVANNAH HILTON HEAD INTERNATIONAL AIRPORT, GA US","2007-10-02",,"81","67"
"USW00003822","SAVANNAH HILTON HEAD INTERNATIONAL AIRPORT, GA US","2007-10-03",,"79","73"
"USW00003822","SAVANNAH HILTON HEAD INTERNATIONAL AIRPORT, GA US","2007-10-04",,"76","74"
"USW00003822","SAVANNAH HILTON HEAD INTERNATIONAL AIRPORT, GA US","2007-10-05",,"86","72"
"USW00003822","SAVANNAH HILTON HEAD INTERNATIONAL AIRPORT, GA US","2007-10-06",,"84","73"
"USW00003822","SAVANNAH HILTON HEAD INTERNATIONAL AIRPORT, GA US","2007-10-07",,"84","73"
"USW00003822","SAVANNAH HILTON HEAD INTERNATIONAL AIRPORT, GA US","2007-10-08",,"85","70"
"USW00003822","SAVANNAH HILTON HEAD INTERNATIONAL AIRPORT, GA US","2007-10-09",,"88","68"
"USW00003822","SAVANNAH HILTON HEAD INTERNATIONAL AIRPORT, GA US","2007-10-10",,"88","67"
"USW00003822","SAVANNAH HILTON HEAD INTERNATIONAL AIRPORT, GA US","2007-10-11",,"78","55"
"USW00003822","SAVANNAH HILTON HEAD INTERNATIONAL AIRPORT, GA US","2007-10-12",,"76","52"
"USW00003822","SAVANNAH HILTON HEAD INTERNATIONAL AIRPORT, GA US","2007-10-13",,"78","50"
"USW00003822","SAVANNAH HILTON HEAD INTERNATIONAL AIRPORT, GA US","2007-10-14",,"80","54"
"USW00003822","SAVANNAH HILTON HEAD INTERNATIONAL AIRPORT, GA US","2007-10-15",,"81","58"
"USW00003822","SAVANNAH HILTON HEAD INTERNATIONAL AIRPORT, GA US","2007-10-16",,"84","66"
"USW00003822","SAVANNAH HILTON HEAD INTERNATIONAL AIRPORT, GA US","2007-10-17",,"85","68"
"USW00003822","SAVANNAH HILTON HEAD INTERNATIONAL AIRPORT, GA US","2007-10-18",,"89","70"
"USW00003822","SAVANNAH HILTON HEAD INTERNATIONAL AIRPORT, GA US","2007-10-19",,"81","68"
"USW00003822","SAVANNAH HILTON HEAD INTERNATIONAL AIRPORT, GA US","2007-10-20",,"81","57"
"USW00003822","SAVANNAH HILTON HEAD INTERNATIONAL AIRPORT, GA US","2007-10-21",,"81","55"
"USW00003822","SAVANNAH HILTON HEAD INTERNATIONAL AIRPORT, GA US","2007-10-22",,"83","69"
"USW00003822","SAVANNAH HILTON HEAD INTERNATIONAL AIRPORT, GA US","2007-10-23",,"87","70"
"USW00003822","SAVANNAH HILTON HEAD INTERNATIONAL AIRPORT, GA US","2007-10-24",,"78","64"
"USW00003822","SAVANNAH HILTON HEAD INTERNATIONAL AIRPORT, GA US","2007-10-25",,"72","62"
"USW00003822","SAVANNAH HILTON HEAD INTERNATIONAL AIRPORT, GA US","2007-10-26",,"66","62"
"USW00003822","SAVANNAH HILTON HEAD INTERNATIONAL AIRPORT, GA US","2007-10-27",,"75","62"
"USW00003822","SAVANNAH HILTON HEAD INTERNATIONAL AIRPORT, GA US","2007-10-28",,"67","59"
"USW00003822","SAVANNAH HILTON HEAD INTERNATIONAL AIRPORT, GA US","2007-10-29",,"64","52"
"USW00003822","SAVANNAH HILTON HEAD INTERNATIONAL AIRPORT, GA US","2007-10-30",,"74","51"
"USW00003822","SAVANNAH HILTON HEAD INTERNATIONAL AIRPORT, GA US","2007-10-31",,"78","58"
"USW00003822","SAVANNAH HILTON HEAD INTERNATIONAL AIRPORT, GA US","2007-11-01",,"82","62"
"USW00003822","SAVANNAH HILTON HEAD INTERNATIONAL AIRPORT, GA US","2007-11-02",,"73","55"
"USW00003822","SAVANNAH HILTON HEAD INTERNATIONAL AIRPORT, GA US","2007-11-03",,"71","46"
"USW00003822","SAVANNAH HILTON HEAD INTERNATIONAL AIRPORT, GA US","2007-11-04",,"73","42"
"USW00003822","SAVANNAH HILTON HEAD INTERNATIONAL AIRPORT, GA US","2007-11-05",,"73","42"
"USW00003822","SAVANNAH HILTON HEAD INTERNATIONAL AIRPORT, GA US","2007-11-06",,"76","47"
"USW00003822","SAVANNAH HILTON HEAD INTERNATIONAL AIRPORT, GA US","2007-11-07",,"59","35"
"USW00003822","SAVANNAH HILTON HEAD INTERNATIONAL AIRPORT, GA US","2007-11-08",,"64","34"
"USW00003822","SAVANNAH HILTON HEAD INTERNATIONAL AIRPORT, GA US","2007-11-09",,"67","35"
"USW00003822","SAVANNAH HILTON HEAD INTERNATIONAL AIRPORT, GA US","2007-11-10",,"70","45"
"USW00003822","SAVANNAH HILTON HEAD INTERNATIONAL AIRPORT, GA US","2007-11-11",,"65","42"
"USW00003822","SAVANNAH HILTON HEAD INTERNATIONAL AIRPORT, GA US","2007-11-12",,"72","41"
"USW00003822","SAVANNAH HILTON HEAD INTERNATIONAL AIRPORT, GA US","2007-11-13",,"74","46"
"USW00003822","SAVANNAH HILTON HEAD INTERNATIONAL AIRPORT, GA US","2007-11-14",,"78","50"
"USW00003822","SAVANNAH HILTON HEAD INTERNATIONAL AIRPORT, GA US","2007-11-15",,"69","45"
"USW00003822","SAVANNAH HILTON HEAD INTERNATIONAL AIRPORT, GA US","2007-11-16",,"58","34"
"USW00003822","SAVANNAH HILTON HEAD INTERNATIONAL AIRPORT, GA US","2007-11-17",,"66","30"
"USW00003822","SAVANNAH HILTON HEAD INTERNATIONAL AIRPORT, GA US","2007-11-18",,"70","42"
"USW00003822","SAVANNAH HILTON HEAD INTERNATIONAL AIRPORT, GA US","2007-11-19",,"75","49"
"USW00003822","SAVANNAH HILTON HEAD INTERNATIONAL AIRPORT, GA US","2007-11-20",,"78","45"
"USW00003822","SAVANNAH HILTON HEAD INTERNATIONAL AIRPORT, GA US","2007-11-21",,"79","51"
"USW00003822","SAVANNAH HILTON HEAD INTERNATIONAL AIRPORT, GA US","2007-11-22",,"76","60"
"USW00003822","SAVANNAH HILTON HEAD INTERNATIONAL AIRPORT, GA US","2007-11-23",,"61","43"
"USW00003822","SAVANNAH HILTON HEAD INTERNATIONAL AIRPORT, GA US","2007-11-24",,"57","40"
"USW00003822","SAVANNAH HILTON HEAD INTERNATIONAL AIRPORT, GA US","2007-11-25",,"61","51"
"USW00003888","ATLANTA FULTON CO AIRPORT, GA US","2007-08-15",,"102","66"
"USW00003888","ATLANTA FULTON CO AIRPORT, GA US","2007-08-16",,"102","72"
"USW00003888","ATLANTA FULTON CO AIRPORT, GA US","2007-08-17",,"101","77"
"USW00003888","ATLANTA FULTON CO AIRPORT, GA US","2007-08-18",,"98","71"
"USW00003888","ATLANTA FULTON CO AIRPORT, GA US","2007-08-19",,"97","71"
"USW00003888","ATLANTA FULTON CO AIRPORT, GA US","2007-08-20",,"97","70"
"USW00003888","ATLANTA FULTON CO AIRPORT, GA US","2007-08-21",,"100","72"
"USW00003888","ATLANTA FULTON CO AIRPORT, GA US","2007-08-22",,"102","73"
"USW00003888","ATLANTA FULTON CO AIRPORT, GA US","2007-08-23",,"99","74"
"USW00003888","ATLANTA FULTON CO AIRPORT, GA US","2007-08-24",,"97","72"
"USW00003888","ATLANTA FULTON CO AIRPORT, GA US","2007-08-25",,"96","70"
"USW00003888","ATLANTA FULTON CO AIRPORT, GA US","2007-08-26",,"93","72"
"USW00003888","ATLANTA FULTON CO AIRPORT, GA US","2007-08-27",,"89","70"
"USW00003888","ATLANTA FULTON CO AIRPORT, GA US","2007-08-28",,"89","72"
"USW00003888","ATLANTA FULTON CO AIRPORT, GA US","2007-08-29",,"92","72"
"USW00003888","ATLANTA FULTON CO AIRPORT, GA US","2007-08-30",,"90","73"
"USW00003888","ATLANTA FULTON CO AIRPORT, GA US","2007-08-31",,"88","72"
"USW00003888","ATLANTA FULTON CO AIRPORT, GA US","2007-09-01",,"89","69"
"USW00003888","ATLANTA FULTON CO AIRPORT, GA US","2007-09-02",,"86","71"
"USW00003888","ATLANTA FULTON CO AIRPORT, GA US","2007-09-03",,"91","65"
"USW00003888","ATLANTA FULTON CO AIRPORT, GA US","2007-09-04",,"94","66"
"USW00003888","ATLANTA FULTON CO AIRPORT, GA US","2007-09-05",,"92","65"
"USW00003888","ATLANTA FULTON CO AIRPORT, GA US","2007-09-06",,"87","66"
"USW00003888","ATLANTA FULTON CO AIRPORT, GA US","2007-09-07",,"89","69"
"USW00003888","ATLANTA FULTON CO AIRPORT, GA US","2007-09-08",,"91","63"
"USW00003888","ATLANTA FULTON CO AIRPORT, GA US","2007-09-09",,"92","63"
"USW00003888","ATLANTA FULTON CO AIRPORT, GA US","2007-09-10",,"93","66"
"USW00003888","ATLANTA FULTON CO AIRPORT, GA US","2007-09-11",,"92","65"
"USW00003888","ATLANTA FULTON CO AIRPORT, GA US","2007-09-12",,"88","68"
"USW00003888","ATLANTA FULTON CO AIRPORT, GA US","2007-09-13",,"88","65"
"USW00003888","ATLANTA FULTON CO AIRPORT, GA US","2007-09-14",,"83","68"
"USW00003888","ATLANTA FULTON CO AIRPORT, GA US","2007-09-15",,"83","54"
"USW00003888","ATLANTA FULTON CO AIRPORT, GA US","2007-09-16",,"79","54"
"USW00003888","ATLANTA FULTON CO AIRPORT, GA US","2007-09-17",,"81","62"
"USW00003888","ATLANTA FULTON CO AIRPORT, GA US","2007-09-18",,"80","58"
"USW00003888","ATLANTA FULTON CO AIRPORT, GA US","2007-09-19",,"84","55"
"USW00003888","ATLANTA FULTON CO AIRPORT, GA US","2007-09-20",,"83","61"
"USW00003888","ATLANTA FULTON CO AIRPORT, GA US","2007-09-21",,"80","69"
"USW00003888","ATLANTA FULTON CO AIRPORT, GA US","2007-09-22",,"87","72"
"USW00003888","ATLANTA FULTON CO AIRPORT, GA US","2007-09-23",,"87","71"
"USW00003888","ATLANTA FULTON CO AIRPORT, GA US","2007-09-24",,"91","67"
"USW00003888","ATLANTA FULTON CO AIRPORT, GA US","2007-09-25",,"89","66"
"USW00003888","ATLANTA FULTON CO AIRPORT, GA US","2007-09-26",,"87","61"
"USW00003888","ATLANTA FULTON CO AIRPORT, GA US","2007-09-27",,"87","65"
"USW00003888","ATLANTA FULTON CO AIRPORT, GA US","2007-09-28",,"87","59"
"USW00003888","ATLANTA FULTON CO AIRPORT, GA US","2007-09-29",,"83","53"
"USW00003888","ATLANTA FULTON CO AIRPORT, GA US","2007-09-30",,"81","50"
"USW00003888","ATLANTA FULTON CO AIRPORT, GA US","2007-10-01",,"83","50"
"USW00003888","ATLANTA FULTON CO AIRPORT, GA US","2007-10-02",,"84","53"
"USW00003888","ATLANTA FULTON CO AIRPORT, GA US","2007-10-03",,"79","71"
"USW00003888","ATLANTA FULTON CO AIRPORT, GA US","2007-10-04",,"81","71"
"USW00003888","ATLANTA FULTON CO AIRPORT, GA US","2007-10-05",,"84","71"
"USW00003888","ATLANTA FULTON CO AIRPORT, GA US","2007-10-06",,"85","67"
"USW00003888","ATLANTA FULTON CO AIRPORT, GA US","2007-10-07",,"86","63"
"USW00003888","ATLANTA FULTON CO AIRPORT, GA US","2007-10-08",,"85","64"
"USW00003888","ATLANTA FULTON CO AIRPORT, GA US","2007-10-09",,"82","63"
"USW00003888","ATLANTA FULTON CO AIRPORT, GA US","2007-10-10",,"83","62"
"USW00003888","ATLANTA FULTON CO AIRPORT, GA US","2007-10-11",,"68","49"
"USW00003888","ATLANTA FULTON CO AIRPORT, GA US","2007-10-12",,"74","46"
"USW00003888","ATLANTA FULTON CO AIRPORT, GA US","2007-10-13",,"75","42"
"USW00003888","ATLANTA FULTON CO AIRPORT, GA US","2007-10-14",,"80","45"
"USW00003888","ATLANTA FULTON CO AIRPORT, GA US","2007-10-15",,"81","49"
"USW00003888","ATLANTA FULTON CO AIRPORT, GA US","2007-10-16",,"77","64"
"USW00003888","ATLANTA FULTON CO AIRPORT, GA US","2007-10-17",,"82","64"
"USW00003888","ATLANTA FULTON CO AIRPORT, GA US","2007-10-18",,"79","69"
"USW00003888","ATLANTA FULTON CO AIRPORT, GA US","2007-10-19",,"78","56"
"USW00003888","ATLANTA FULTON CO AIRPORT, GA US","2007-10-20",,"77","48"
"USW00003888","ATLANTA FULTON CO AIRPORT, GA US","2007-10-21",,"80","43"
"USW00003888","ATLANTA FULTON CO AIRPORT, GA US","2007-10-22",,"73","60"
"USW00003888","ATLANTA FULTON CO AIRPORT, GA US","2007-10-23",,"83","59"
"USW00003888","ATLANTA FULTON CO AIRPORT, GA US","2007-10-24",,"61","50"
"USW00003888","ATLANTA FULTON CO AIRPORT, GA US","2007-10-25",,"62","46"
"USW00003888","ATLANTA FULTON CO AIRPORT, GA US","2007-10-26",,"69","51"
"USW00003888","ATLANTA FULTON CO AIRPORT, GA US","2007-10-27",,"68","46"
"USW00003888","ATLANTA FULTON CO AIRPORT, GA US","2007-10-28",,"72","43"
"USW00003888","ATLANTA FULTON CO AIRPORT, GA US","2007-10-29",,"64","39"
"USW00003888","ATLANTA FULTON CO AIRPORT, GA US","2007-10-30",,"69","34"
"USW00003888","ATLANTA FULTON CO AIRPORT, GA US","2007-10-31",,"72","44"
"USW00003888","ATLANTA FULTON CO AIRPORT, GA US","2007-11-01",,"77","48"
"USW00003888","ATLANTA FULTON CO AIRPORT, GA US","2007-11-02",,"71","49"
"USW00003888","ATLANTA FULTON CO AIRPORT, GA US","2007-11-03",,"70","41"
"USW00003888","ATLANTA FULTON CO AIRPORT, GA US","2007-11-04",,"69","37"
"USW00003888","ATLANTA FULTON CO AIRPORT, GA US","2007-11-05",,"73","37"
"USW00003888","ATLANTA FULTON CO AIRPORT, GA US","2007-11-06",,"62","41"
"USW00003888","ATLANTA FULTON CO AIRPORT, GA US","2007-11-07",,"56","30"
"USW00003888","ATLANTA FULTON CO AIRPORT, GA US","2007-11-08",,"59","26"
"USW00003888","ATLANTA FULTON CO AIRPORT, GA US","2007-11-09",,"68","30"
"USW00003888","ATLANTA FULTON CO AIRPORT, GA US","2007-11-10",,"62","35"
"USW00003888","ATLANTA FULTON CO AIRPORT, GA US","2007-11-11",,"64","33"
"USW00003888","ATLANTA FULTON CO AIRPORT, GA US","2007-11-12",,"68","35"
"USW00003888","ATLANTA FULTON CO AIRPORT, GA US","2007-11-13",,"76","39"
"USW00003888","ATLANTA FULTON CO AIRPORT, GA US","2007-11-14",,"77","50"
"USW00003888","ATLANTA FULTON CO AIRPORT, GA US","2007-11-15",,"64","37"
"USW00003888","ATLANTA FULTON CO AIRPORT, GA US","2007-11-16",,"54","32"
"USW00003888","ATLANTA FULTON CO AIRPORT, GA US","2007-11-17",,"62","29"
"USW00003888","ATLANTA FULTON CO AIRPORT, GA US","2007-11-18",,"72","44"
"USW00003888","ATLANTA FULTON CO AIRPORT, GA US","2007-11-19",,"73","46"
"USW00003888","ATLANTA FULTON CO AIRPORT, GA US","2007-11-20",,"74","41"
"USW00003888","ATLANTA FULTON CO AIRPORT, GA US","2007-11-21",,"72","43"
"USW00003888","ATLANTA FULTON CO AIRPORT, GA US","2007-11-22",,"67","41"
"USW00003888","ATLANTA FULTON CO AIRPORT, GA US","2007-11-23",,"49","29"
"USW00003888","ATLANTA FULTON CO AIRPORT, GA US","2007-11-24",,"52","29"
"USW00003888","ATLANTA FULTON CO AIRPORT, GA US","2007-11-25",,"50","45"
"USC00099124","WARNER ROBINS, GA US","2007-08-15",,"98","70"
"USC00099124","WARNER ROBINS, GA US","2007-08-16",,"102","69"
"USC00099124","WARNER ROBINS, GA US","2007-08-17",,"100","76"
"USC00099124","WARNER ROBINS, GA US","2007-08-18",,"101","68"
"USC00099124","WARNER ROBINS, GA US","2007-08-19",,"91","73"
"USC00099124","WARNER ROBINS, GA US","2007-08-20",,"93","73"
"USC00099124","WARNER ROBINS, GA US","2007-08-21",,"94","73"
"USC00099124","WARNER ROBINS, GA US","2007-08-22",,"97","74"
"USC00099124","WARNER ROBINS, GA US","2007-08-23",,"100","71"
"USC00099124","WARNER ROBINS, GA US","2007-08-24",,"88","73"
"USC00099124","WARNER ROBINS, GA US","2007-08-25",,"93","70"
"USC00099124","WARNER ROBINS, GA US","2007-08-26",,"90","70"
"USC00099124","WARNER ROBINS, GA US","2007-08-27",,"89","72"
"USC00099124","WARNER ROBINS, GA US","2007-08-28",,"84","71"
"USC00099124","WARNER ROBINS, GA US","2007-08-29",,"87","72"
"USC00099124","WARNER ROBINS, GA US","2007-08-30",,"88","71"
"USC00099124","WARNER ROBINS, GA US","2007-08-31",,"90","71"
"USC00099124","WARNER ROBINS, GA US","2007-09-01",,"84","70"
"USC00099124","WARNER ROBINS, GA US","2007-09-02",,"84","69"
"USC00099124","WARNER ROBINS, GA US","2007-09-03",,"84","68"
"USC00099124","WARNER ROBINS, GA US","2007-09-04",,"86","66"
"USC00099124","WARNER ROBINS, GA US","2007-09-05",,"90","69"
"USC00099124","WARNER ROBINS, GA US","2007-09-06",,"90","67"
"USC00099124","WARNER ROBINS, GA US","2007-09-07",,"87","73"
"USC00099124","WARNER ROBINS, GA US","2007-09-08",,"87","64"
"USC00099124","WARNER ROBINS, GA US","2007-09-09",,"87","63"
"USC00099124","WARNER ROBINS, GA US","2007-09-10",,"88","64"
"USC00099124","WARNER ROBINS, GA US","2007-09-11",,"90","69"
"USC00099124","WARNER ROBINS, GA US","2007-09-12",,"89","70"
"USC00099124","WARNER ROBINS, GA US","2007-09-13",,"85","69"
"USC00099124","WARNER ROBINS, GA US","2007-09-14",,"85","66"
"USC00099124","WARNER ROBINS, GA US","2007-09-15",,"84","64"
"USC00099124","WARNER ROBINS, GA US","2007-09-16",,"85","63"
"USC00099124","WARNER ROBINS, GA US","2007-09-17",,"81","61"
"USC00099124","WARNER ROBINS, GA US","2007-09-18",,"79","56"
"USC00099124","WARNER ROBINS, GA US","2007-09-19",,"79","56"
"USC00099124","WARNER ROBINS, GA US","2007-09-20",,"79","65"
"USC00099124","WARNER ROBINS, GA US","2007-09-21",,"74","64"
"USC00099124","WARNER ROBINS, GA US","2007-09-22",,"83","69"
"USC00099124","WARNER ROBINS, GA US","2007-09-23",,"80","71"
"USC00099124","WARNER ROBINS, GA US","2007-09-24",,"85","68"
"USC00099124","WARNER ROBINS, GA US","2007-09-25",,"89","66"
"USC00099124","WARNER ROBINS, GA US","2007-09-26",,"85","64"
"USC00099124","WARNER ROBINS, GA US","2007-09-27",,"86","64"
"USC00099124","WARNER ROBINS, GA US","2007-09-28",,"85","65"
"USC00099124","WARNER ROBINS, GA US","2007-09-29",,"85","62"
"USC00099124","WARNER ROBINS, GA US","2007-09-30",,"80","52"
"USC00099124","WARNER ROBINS, GA US","2007-10-01",,"78","57"
"USC00099124","WARNER ROBINS, GA US","2007-10-02",,"80","59"
"USC00099124","WARNER ROBINS, GA US","2007-10-03",,"82","68"
"USC00099124","WARNER ROBINS, GA US","2007-10-04",,"75","68"
"USC00099124","WARNER ROBINS, GA US","2007-10-05",,"83","71"
"USC00099124","WARNER ROBINS, GA US","2007-10-06",,"83","70"
"USC00099124","WARNER ROBINS, GA US","2007-10-07",,"79","67"
"USC00099124","WARNER ROBINS, GA US","2007-10-08",,"82","67"
"USC00099124","WARNER ROBINS, GA US","2007-10-09",,"83","64"
"USC00099124","WARNER ROBINS, GA US","2007-10-10",,"87","67"
"USC00099124","WARNER ROBINS, GA US","2007-10-11",,"78","54"
"USC00099124","WARNER ROBINS, GA US","2007-10-12",,"73","46"
"USC00099124","WARNER ROBINS, GA US","2007-10-13",,"75","45"
"USC00099124","WARNER ROBINS, GA US","2007-10-14",,"75","48"
"USC00099124","WARNER ROBINS, GA US","2007-10-15",,"78","54"
"USC00099124","WARNER ROBINS, GA US","2007-10-16",,"79","60"
"USC00099124","WARNER ROBINS, GA US","2007-10-17",,"79","62"
"USC00099124","WARNER ROBINS, GA US","2007-10-18",,"82","62"
"USC00099124","WARNER ROBINS, GA US","2007-10-19",,"78","66"
"USC00099124","WARNER ROBINS, GA US","2007-10-20",,"74","55"
"USC00099124","WARNER ROBINS, GA US","2007-10-21",,"75","47"
"USC00099124","WARNER ROBINS, GA US","2007-10-22",,"78","66"
"USC00099124","WARNER ROBINS, GA US","2007-10-23",,"78","70"
"USC00099124","WARNER ROBINS, GA US","2007-10-24",,"86","57"
"USC00099124","WARNER ROBINS, GA US","2007-10-25",,"62","46"
"USC00099124","WARNER ROBINS, GA US","2007-10-26",,"74","52"
"USC00099124","WARNER ROBINS, GA US","2007-10-27",,"76","48"
"USC00099124","WARNER ROBINS, GA US","2007-10-28",,"70","49"
"USC00099124","WARNER ROBINS, GA US","2007-10-29",,"70","50"
"USC00099124","WARNER ROBINS, GA US","2007-10-30",,"64","42"
"USC00099124","WARNER ROBINS, GA US","2007-10-31",,"70","53"
"USC00099124","WARNER ROBINS, GA US","2007-11-01",,"75","53"
"USC00099124","WARNER ROBINS, GA US","2007-11-02",,"76","53"
"USC00099124","WARNER ROBINS, GA US","2007-11-03",,"70","43"
"USC00099124","WARNER ROBINS, GA US","2007-11-04",,"70","46"
"USC00099124","WARNER ROBINS, GA US","2007-11-05",,"70","43"
"USC00099124","WARNER ROBINS, GA US","2007-11-06",,"74","50"
"USC00099124","WARNER ROBINS, GA US","2007-11-07",,"68","34"
"USC00099124","WARNER ROBINS, GA US","2007-11-08",,"57","30"
"USC00099124","WARNER ROBINS, GA US","2007-11-09",,"66","32"
"USC00099124","WARNER ROBINS, GA US","2007-11-10",,"67","48"
"USC00099124","WARNER ROBINS, GA US","2007-11-11",,"67","38"
"USC00099124","WARNER ROBINS, GA US","2007-11-12",,"66","37"
"USC00099124","WARNER ROBINS, GA US","2007-11-13",,"68","40"
"USC00099124","WARNER ROBINS, GA US","2007-11-14",,"73","52"
"USC00099124","WARNER ROBINS, GA US","2007-11-15",,"79","51"
"USC00099124","WARNER ROBINS, GA US","2007-11-16",,"60","34"
"USC00099124","WARNER ROBINS, GA US","2007-11-17",,"64","28"
"USC00099124","WARNER ROBINS, GA US","2007-11-18",,"65","47"
"USC00099124","WARNER ROBINS, GA US","2007-11-19",,"69","53"
"USC00099124","WARNER ROBINS, GA US","2007-11-20",,"73","43"
"USC00099124","WARNER ROBINS, GA US","2007-11-21",,"76","47"
"USC00099124","WARNER ROBINS, GA US","2007-11-22",,"75","49"
"USC00099124","WARNER ROBINS, GA US","2007-11-23",,"72","36"
"USC00099124","WARNER ROBINS, GA US","2007-11-24",,"56","34"
"USC00099124","WARNER ROBINS, GA US","2007-11-25",,"51","45"
"USC00090444","ATLANTA 9 NW, GA US","2007-08-15",,,
"USC00090444","ATLANTA 9 NW, GA US","2007-08-16",,,
"USC00090444","ATLANTA 9 NW, GA US","2007-08-17",,,
"USC00090444","ATLANTA 9 NW, GA US","2007-08-18",,,
"USC00090444","ATLANTA 9 NW, GA US","2007-08-19",,,
"USC00090444","ATLANTA 9 NW, GA US","2007-08-20",,,
"USC00090444","ATLANTA 9 NW, GA US","2007-08-21",,,
"USC00090444","ATLANTA 9 NW, GA US","2007-08-22",,,
"USC00090444","ATLANTA 9 NW, GA US","2007-08-23",,,
"USC00090444","ATLANTA 9 NW, GA US","2007-08-24",,,
"USC00090444","ATLANTA 9 NW, GA US","2007-08-25",,,
"USC00090444","ATLANTA 9 NW, GA US","2007-08-26",,,
"USC00090444","ATLANTA 9 NW, GA US","2007-08-27",,,
"USC00090444","ATLANTA 9 NW, GA US","2007-08-28",,,
"USC00090444","ATLANTA 9 NW, GA US","2007-08-29",,,
"USC00090444","ATLANTA 9 NW, GA US","2007-08-30",,,
"USC00090444","ATLANTA 9 NW, GA US","2007-08-31",,,
"USC00090444","ATLANTA 9 NW, GA US","2007-09-01",,,
"USC00090444","ATLANTA 9 NW, GA US","2007-09-02",,,
"USC00090444","ATLANTA 9 NW, GA US","2007-09-03",,,
"USC00090444","ATLANTA 9 NW, GA US","2007-09-04",,,
"USC00090444","ATLANTA 9 NW, GA US","2007-09-05",,,
"USC00090444","ATLANTA 9 NW, GA US","2007-09-06",,,
"USC00090444","ATLANTA 9 NW, GA US","2007-09-07",,,
"USC00090444","ATLANTA 9 NW, GA US","2007-09-08",,,
"USC00090444","ATLANTA 9 NW, GA US","2007-09-09",,,
"USC00090444","ATLANTA 9 NW, GA US","2007-09-10",,,
"USC00090444","ATLANTA 9 NW, GA US","2007-09-11",,,
"USC00090444","ATLANTA 9 NW, GA US","2007-09-12",,,
"USC00090444","ATLANTA 9 NW, GA US","2007-09-13",,,
"USC00090444","ATLANTA 9 NW, GA US","2007-09-14",,,
"USC00090444","ATLANTA 9 NW, GA US","2007-09-15",,,
"USC00090444","ATLANTA 9 NW, GA US","2007-09-16",,,
"USC00090444","ATLANTA 9 NW, GA US","2007-09-17",,,
"USC00090444","ATLANTA 9 NW, GA US","2007-09-18",,,
"USC00090444","ATLANTA 9 NW, GA US","2007-09-19",,,
"USC00090444","ATLANTA 9 NW, GA US","2007-09-20",,,
"USC00090444","ATLANTA 9 NW, GA US","2007-09-21",,,
"USC00090444","ATLANTA 9 NW, GA US","2007-09-22",,,
"USC00090444","ATLANTA 9 NW, GA US","2007-09-23",,,
"USC00090444","ATLANTA 9 NW, GA US","2007-09-24",,,
"USC00090444","ATLANTA 9 NW, GA US","2007-09-25",,,
"USC00090444","ATLANTA 9 NW, GA US","2007-09-26",,,
"USC00090444","ATLANTA 9 NW, GA US","2007-09-27",,,
"USC00090444","ATLANTA 9 NW, GA US","2007-09-28",,,
"USC00090444","ATLANTA 9 NW, GA US","2007-09-29",,,
"USC00090444","ATLANTA 9 NW, GA US","2007-09-30",,,
"USC00090444","ATLANTA 9 NW, GA US","2007-10-01",,,
"USC00090444","ATLANTA 9 NW, GA US","2007-10-02",,,
"USC00090444","ATLANTA 9 NW, GA US","2007-10-03",,,
"USC00090444","ATLANTA 9 NW, GA US","2007-10-04",,,
"USC00090444","ATLANTA 9 NW, GA US","2007-10-05",,,
"USC00090444","ATLANTA 9 NW, GA US","2007-10-06",,,
"USC00090444","ATLANTA 9 NW, GA US","2007-10-07",,,
"USC00090444","ATLANTA 9 NW, GA US","2007-10-08",,,
"USC00090444","ATLANTA 9 NW, GA US","2007-10-09",,,
"USC00090444","ATLANTA 9 NW, GA US","2007-10-10",,,
"USC00090444","ATLANTA 9 NW, GA US","2007-10-11",,,
"USC00090444","ATLANTA 9 NW, GA US","2007-10-12",,,
"USC00090444","ATLANTA 9 NW, GA US","2007-10-13",,,
"USC00090444","ATLANTA 9 NW, GA US","2007-10-14",,,
"USC00090444","ATLANTA 9 NW, GA US","2007-10-15",,,
"USC00090444","ATLANTA 9 NW, GA US","2007-10-16",,,
"USC00090444","ATLANTA 9 NW, GA US","2007-10-17",,,
"USC00090444","ATLANTA 9 NW, GA US","2007-10-18",,,
"USC00090444","ATLANTA 9 NW, GA US","2007-10-19",,,
"USC00090444","ATLANTA 9 NW, GA US","2007-10-20",,,
"USC00090444","ATLANTA 9 NW, GA US","2007-10-21",,,
"USC00090444","ATLANTA 9 NW, GA US","2007-10-22",,,
"USC00090444","ATLANTA 9 NW, GA US","2007-10-23",,,
"USC00090444","ATLANTA 9 NW, GA US","2007-10-24",,,
"USC00090444","ATLANTA 9 NW, GA US","2007-10-25",,,
"USC00090444","ATLANTA 9 NW, GA US","2007-10-26",,,
"USC00090444","ATLANTA 9 NW, GA US","2007-10-27",,,
"USC00090444","ATLANTA 9 NW, GA US","2007-10-28",,,
"USC00090444","ATLANTA 9 NW, GA US","2007-10-29",,,
"USC00090444","ATLANTA 9 NW, GA US","2007-10-30",,,
"USC00090444","ATLANTA 9 NW, GA US","2007-10-31",,,
"USC00090444","ATLANTA 9 NW, GA US","2007-11-01",,,
"USC00090444","ATLANTA 9 NW, GA US","2007-11-02",,,
"USC00090444","ATLANTA 9 NW, GA US","2007-11-03",,,
"USC00090444","ATLANTA 9 NW, GA US","2007-11-04",,,
"USC00090444","ATLANTA 9 NW, GA US","2007-11-05",,,
"USC00090444","ATLANTA 9 NW, GA US","2007-11-06",,,
"USC00090444","ATLANTA 9 NW, GA US","2007-11-07",,,
"USC00090444","ATLANTA 9 NW, GA US","2007-11-08",,,
"USC00090444","ATLANTA 9 NW, GA US","2007-11-09",,,
"USC00090444","ATLANTA 9 NW, GA US","2007-11-10",,,
"USC00090444","ATLANTA 9 NW, GA US","2007-11-11",,,
"USC00090444","ATLANTA 9 NW, GA US","2007-11-12",,,
"USC00090444","ATLANTA 9 NW, GA US","2007-11-13",,,
"USC00090444","ATLANTA 9 NW, GA US","2007-11-14",,,
"USC00090444","ATLANTA 9 NW, GA US","2007-11-15",,,
"USC00090444","ATLANTA 9 NW, GA US","2007-11-16",,,
"USC00090444","ATLANTA 9 NW, GA US","2007-11-17",,,
"USC00090444","ATLANTA 9 NW, GA US","2007-11-18",,,
"USC00090444","ATLANTA 9 NW, GA US","2007-11-19",,,
"USC00090444","ATLANTA 9 NW, GA US","2007-11-20",,,
"USC00090444","ATLANTA 9 NW, GA US","2007-11-21",,,
"USC00090444","ATLANTA 9 NW, GA US","2007-11-22",,,
"USC00090444","ATLANTA 9 NW, GA US","2007-11-23",,,
"USC00090444","ATLANTA 9 NW, GA US","2007-11-24",,,
"USC00090444","ATLANTA 9 NW, GA US","2007-11-25",,,
"USR0000GBRE","BRENDER GEORGIA, GA US","2007-08-15","85","104","65"
"USR0000GBRE","BRENDER GEORGIA, GA US","2007-08-16","84","102","72"
"USR0000GBRE","BRENDER GEORGIA, GA US","2007-08-17","85","105","73"
"USR0000GBRE","BRENDER GEORGIA, GA US","2007-08-18","84","99","71"
"USR0000GBRE","BRENDER GEORGIA, GA US","2007-08-19","83","97","73"
"USR0000GBRE","BRENDER GEORGIA, GA US","2007-08-20","84","98","70"
"USR0000GBRE","BRENDER GEORGIA, GA US","2007-08-21","87","103","72"
"USR0000GBRE","BRENDER GEORGIA, GA US","2007-08-22","89","104","73"
"USR0000GBRE","BRENDER GEORGIA, GA US","2007-08-23","83","96","75"
"USR0000GBRE","BRENDER GEORGIA, GA US","2007-08-24","80","95","71"
"USR0000GBRE","BRENDER GEORGIA, GA US","2007-08-25","78","97","70"
"USR0000GBRE","BRENDER GEORGIA, GA US","2007-08-26","77","95","71"
"USR0000GBRE","BRENDER GEORGIA, GA US","2007-08-27","76","88","71"
"USR0000GBRE","BRENDER GEORGIA, GA US","2007-08-28","76","89","71"
"USR0000GBRE","BRENDER GEORGIA, GA US","2007-08-29","77","92","72"
"USR0000GBRE","BRENDER GEORGIA, GA US","2007-08-30","79","91","73"
"USR0000GBRE","BRENDER GEORGIA, GA US","2007-08-31","76","86","71"
"USR0000GBRE","BRENDER GEORGIA, GA US","2007-09-01","73","80","70"
"USR0000GBRE","BRENDER GEORGIA, GA US","2007-09-02","74","83","68"
"USR0000GBRE","BRENDER GEORGIA, GA US","2007-09-03","76","90","67"
"USR0000GBRE","BRENDER GEORGIA, GA US","2007-09-04","77","93","64"
"USR0000GBRE","BRENDER GEORGIA, GA US","2007-09-05","78","93","67"
"USR0000GBRE","BRENDER GEORGIA, GA US","2007-09-06","77","89","65"
"USR0000GBRE","BRENDER GEORGIA, GA US","2007-09-07","77","89","69"
"USR0000GBRE","BRENDER GEORGIA, GA US","2007-09-08","75","89","63"
"USR0000GBRE","BRENDER GEORGIA, GA US","2007-09-09","75","93","62"
"USR0000GBRE","BRENDER GEORGIA, GA US","2007-09-10","76","92","63"
"USR0000GBRE","BRENDER GEORGIA, GA US","2007-09-11","78","92","66"
"USR0000GBRE","BRENDER GEORGIA, GA US","2007-09-12","76","84","72"
"USR0000GBRE","BRENDER GEORGIA, GA US","2007-09-13","75","85","69"
"USR0000GBRE","BRENDER GEORGIA, GA US","2007-09-14","74","82","70"
"USR0000GBRE","BRENDER GEORGIA, GA US","2007-09-15","73","88","60"
"USR0000GBRE","BRENDER GEORGIA, GA US","2007-09-16","69","80","58"
"USR0000GBRE","BRENDER GEORGIA, GA US","2007-09-17","69","82","60"
"USR0000GBRE","BRENDER GEORGIA, GA US","2007-09-18","67","81","55"
"USR0000GBRE","BRENDER GEORGIA, GA US","2007-09-19","66","81","54"
"USR0000GBRE","BRENDER GEORGIA, GA US","2007-09-20","70","80","61"
"USR0000GBRE","BRENDER GEORGIA, GA US","2007-09-21","73","79","70"
"USR0000GBRE","BRENDER GEORGIA, GA US","2007-09-22","76","87","71"
"USR0000GBRE","BRENDER GEORGIA, GA US","2007-09-23","76","86","70"
"USR0000GBRE","BRENDER GEORGIA, GA US","2007-09-24","77","91","67"
"USR0000GBRE","BRENDER GEORGIA, GA US","2007-09-25","74","88","64"
"USR0000GBRE","BRENDER GEORGIA, GA US","2007-09-26","73","87","61"
"USR0000GBRE","BRENDER GEORGIA, GA US","2007-09-27","72","85","65"
"USR0000GBRE","BRENDER GEORGIA, GA US","2007-09-28","71","87","60"
"USR0000GBRE","BRENDER GEORGIA, GA US","2007-09-29","67","83","55"
"USR0000GBRE","BRENDER GEORGIA, GA US","2007-09-30","63","82","49"
"USR0000GBRE","BRENDER GEORGIA, GA US","2007-10-01","65","82","49"
"USR0000GBRE","BRENDER GEORGIA, GA US","2007-10-02","70","83","55"
"USR0000GBRE","BRENDER GEORGIA, GA US","2007-10-03","72","76","69"
"USR0000GBRE","BRENDER GEORGIA, GA US","2007-10-04","74","80","71"
"USR0000GBRE","BRENDER GEORGIA, GA US","2007-10-05","75","86","69"
"USR0000GBRE","BRENDER GEORGIA, GA US","2007-10-06","74","84","68"
"USR0000GBRE","BRENDER GEORGIA, GA US","2007-10-07","72","83","65"
"USR0000GBRE","BRENDER GEORGIA, GA US","2007-10-08","73","87","66"
"USR0000GBRE","BRENDER GEORGIA, GA US","2007-10-09","72","89","62"
"USR0000GBRE","BRENDER GEORGIA, GA US","2007-10-10","69","85","55"
"USR0000GBRE","BRENDER GEORGIA, GA US","2007-10-11","59","74","46"
"USR0000GBRE","BRENDER GEORGIA, GA US","2007-10-12","55","73","39"
"USR0000GBRE","BRENDER GEORGIA, GA US","2007-10-13","57","78","41"
"USR0000GBRE","BRENDER GEORGIA, GA US","2007-10-14","61","81","44"
"USR0000GBRE","BRENDER GEORGIA, GA US","2007-10-15","65","80","48"
"USR0000GBRE","BRENDER GEORGIA, GA US","2007-10-16","69","78","60"
"USR0000GBRE","BRENDER GEORGIA, GA US","2007-10-17","70","86","61"
"USR0000GBRE","BRENDER GEORGIA, GA US","2007-10-18","72","79","65"
"USR0000GBRE","BRENDER GEORGIA, GA US","2007-10-19","69","73","61"
"USR0000GBRE","BRENDER GEORGIA, GA US","2007-10-20","61","78","48"
"USR0000GBRE","BRENDER GEORGIA, GA US","2007-10-21","61","81","42"
"USR0000GBRE","BRENDER GEORGIA, GA US","2007-10-22","70","75","64"
"USR0000GBRE","BRENDER GEORGIA, GA US","2007-10-23","74","84","60"
"USR0000GBRE","BRENDER GEORGIA, GA US","2007-10-24","58","63","48"
"USR0000GBRE","BRENDER GEORGIA, GA US","2007-10-25","53","65","42"
"USR0000GBRE","BRENDER GEORGIA, GA US","2007-10-26","60","76","49"
"USR0000GBRE","BRENDER GEORGIA, GA US","2007-10-27","57","73","44"
"USR0000GBRE","BRENDER GEORGIA, GA US","2007-10-28","55","72","43"
"USR0000GBRE","BRENDER GEORGIA, GA US","2007-10-29","51","66","41"
"USR0000GBRE","BRENDER GEORGIA, GA US","2007-10-30","52","71","34"
"USR0000GBRE","BRENDER GEORGIA, GA US","2007-10-31","59","76","47"
"USR0000GBRE","BRENDER GEORGIA, GA US","2007-11-01","60","78","49"
"USR0000GBRE","BRENDER GEORGIA, GA US","2007-11-02","56","72","45"
"USR0000GBRE","BRENDER GEORGIA, GA US","2007-11-03","52","72","37"
"USR0000GBRE","BRENDER GEORGIA, GA US","2007-11-04","51","73","34"
"USR0000GBRE","BRENDER GEORGIA, GA US","2007-11-05","52","76","34"
"USR0000GBRE","BRENDER GEORGIA, GA US","2007-11-06","52","65","37"
"USR0000GBRE","BRENDER GEORGIA, GA US","2007-11-07","39","58","27"
"USR0000GBRE","BRENDER GEORGIA, GA US","2007-11-08","40","60","25"
"USR0000GBRE","BRENDER GEORGIA, GA US","2007-11-09","47","69","28"
"USR0000GBRE","BRENDER GEORGIA, GA US","2007-11-10","50","68","35"
"USR0000GBRE","BRENDER GEORGIA, GA US","2007-11-11","46","66","31"
"USR0000GBRE","BRENDER GEORGIA, GA US","2007-11-12","47","70","31"
"USR0000GBRE","BRENDER GEORGIA, GA US","2007-11-13","55","75","36"
"USR0000GBRE","BRENDER GEORGIA, GA US","2007-11-14","61","79","46"
"USR0000GBRE","BRENDER GEORGIA, GA US","2007-11-15","54","66","39"
"USR0000GBRE","BRENDER GEORGIA, GA US","2007-11-16","41","59","29"
"USR0000GBRE","BRENDER GEORGIA, GA US","2007-11-17","44","65","26"
"USR0000GBRE","BRENDER GEORGIA, GA US","2007-11-18","58","70","48"
"USR0000GBRE","BRENDER GEORGIA, GA US","2007-11-19","58","76","46"
"USR0000GBRE","BRENDER GEORGIA, GA US","2007-11-20","54","77","39"
"USR0000GBRE","BRENDER GEORGIA, GA US","2007-11-21","58","76","42"
"USR0000GBRE","BRENDER GEORGIA, GA US","2007-11-22","59","70","38"
"USR0000GBRE","BRENDER GEORGIA, GA US","2007-11-23","42","57","30"
"USR0000GBRE","BRENDER GEORGIA, GA US","2007-11-24","42","52","29"
"USR0000GBRE","BRENDER GEORGIA, GA US","2007-11-25","49","52","47"
